,2018_10,2018_38,2019_20,1998_1,2015_5,2017_16,2009_40,2019_28,2006_5,2014_11,2011_18,2019_0,2012_64,2019_6,2013_14,2013_22,2015_3,2019_57,2019_11,2018_8,2009_245,2011_43,2013_53,2019_1,2018_41,2013_11,2019_82,2019_27,2008_9,2016_49,1998_101,2019_36,1998_91,2019_52,2002_71,2019_64,2019_73,1998_139,2015_48,2019_24,2015_49,2016_113,2007_45,1999_24,2005_109,2017_15,1999_70,2006_148,1998_120,1998_60
0,unclassifiable,the,the,the,the,utm,swap,mhz,sba,pha,the,opm,the,subheading,the,lat,taxable,the,veteran,the,nrc,osm,hea,nifa,handler,the,ttb,mms,blm,dummy,rus,fhwa,packagings,fra,the,thence,cpsa,dose,acreage,the,nrcs,annuity,fema,gsa,tva,the,cusum,ccc,fns,the
1,hap,taxable,of,of,ocmi,refuge,futures,khz,the,hud,wia,the,of,the,airplane,ifq,the,alien,the,of,the,blm,the,the,raisins,of,spirits,onrr,the,brake,borrower,the,un,locomotive,of,the,the,pmn,fcic,franchisor,the,annuitant,the,the,usaid,of,carcasses,peanuts,fcs,lockmaster
2,nox,of,rus,fdic,tp,nad,the,the,nasa,the,of,annuity,respirator,htsus,rotorcraft,nmfs,of,of,of,thence,of,the,ffel,biobased,prunes,and,wine,boem,of,the,the,fta,kg,brake,ceii,longitude,toy,the,crop,of,drb,pia,of,of,the,hiv,poultry,exporter,fnsro,longitude
3,the,cms,fmha,to,of,creek,of,ghz,of,mortgagor,fmla,fers,µg,drawback,flight,groundfish,taxpayer,eccn,va,and,doe,msha,borrower,kernels,the,student,distilled,ocs,lands,headlamp,borrowers,highway,the,the,and,lk,mattress,shw,the,franchisee,doe,the,and,and,cii,to,meat,fsa,the,thence
4,cair,to,and,or,thence,oahu,issuer,antenna,to,mortgagee,to,of,scaffold,merchandise,tsa,trawl,to,nonimmigrant,servicemember,forest,reactor,osmre,of,of,olives,to,quadrangle,the,lmu,tire,of,of,forbidden,of,to,of,of,tsca,planted,fur,conservationist,divorced,to,to,of,and,the,the,lunches,lockage
5,emissions,taxpayer,fns,and,packagings,cyanea,registrant,fcc,and,of,and,annuitant,cadmium,of,faa,eez,in,prepenalty,or,lands,to,of,student,and,of,teachers,viticultural,bsee,to,nhtsa,icea,mpo,dot,handholds,or,lockmaster,cpsc,subchronic,insurable,warrantor,hq,of,wyo,ifms,gsa,democracy,fsis,nrcs,households,of
6,emission,in,to,champus,longitude,hunters,broker,lec,or,cdbg,or,csrs,and,cbp,of,qs,or,visa,to,to,and,mine,lea,to,cherries,in,the,noaa,and,torso,and,and,of,railroad,ferc,daen,ticking,of,of,or,ucni,widow,mudflow,donee,or,mtcr,carcass,cma,fcsro,daen
7,of,and,or,pbgc,cotp,lowland,dealer,tv,in,homeownership,in,tsp,osha,importer,aircraft,rockfish,such,or,veterans,seashore,nuclear,reclamation,leas,usda,milk,or,photorevised,bop,or,gvwr,to,ndr,mc,locomotives,headwater,pl,sleepwear,mutation,planting,to,of,claimant,nfip,or,to,in,retort,gsm,foods,usbr
8,voc,or,in,dod,commandant,na,securities,of,hubzone,mortgage,eta,retiree,to,nafta,airport,crab,multiemployer,asylum,reservist,concessioner,radioactive,and,to,or,butterfat,americorps,denatured,npsl,entryman,midsagittal,bidder,nonattainment,cylinder,ptc,in,latitude,fabrics,toxicity,harvested,and,oha,or,ocgfc,gbl,ifms,soviet,fat,of,breakfasts,latitude
9,pollutant,for,aphis,in,liferaft,hunting,or,eirp,wosb,to,msfw,to,respirators,countervailable,takeoff,cdq,for,to,and,wilderness,ofe,coal,and,swine,potatoes,children,atf,sanctuary,reclamation,of,in,guideway,tank,cab,ngpa,lockage,fhsa,microorganism,wheat,ftc,eiap,to,or,gtr,and,afghanistan,mortem,cotton,of,and
10,nonattainment,is,premarket,ots,and,kauai,to,bandwidth,for,hfa,alien,survivor,cdu,or,airworthiness,longline,includible,boycotting,in,river,or,postmining,servicer,packer,handlers,teacher,wines,of,grazing,plane,rcd,to,cylinders,handhold,pipeline,and,garment,epa,peanuts,in,majcom,spouse,hmgp,in,in,pakistan,sausage,crp,fmnp,corps
11,and,income,for,ochampus,nls,mesic,counterparty,transmitter,hsar,phas,dol,or,asbestos,to,and,fishery,and,reexport,for,confluence,uranium,to,or,in,onions,students,beer,royalty,geothermal,retractor,rtb,stip,lng,to,for,dam,lighters,mysids,actuarial,deceptive,epf,remarried,subgrantee,for,noteholder,or,of,crop,menu,to
12,cems,section,borrower,for,ib,the,swaps,erp,contractor,and,nonimmigrant,ses,or,antidumping,to,scallop,any,uscis,entitlement,creek,in,mining,in,grain,grower,for,brewer,docd,in,seating,or,sha,peroxide,and,cwip,rha,fabric,mammalian,cotton,wool,frd,pcii,cgfaa,be,monetized,saharan,adulterated,handler,fdpir,dam
13,epa,medicare,swine,be,to,metrosideros,and,dtv,nmvc,gse,workweek,fehb,mda,in,oei,vms,shall,deportation,semester,scenic,licensee,smcra,lender,stockyard,hazelnuts,this,proprietor,and,mining,sae,conductors,std,cargo,ptcsp,hydroelectric,corps,to,daphnids,interplanted,telemarketer,usafa,in,in,hud,for,malaria,cooked,peanut,lunch,nwp
14,to,qio,be,usaid,cargo,melicope,sipc,subscriber,usaid,or,respirator,and,be,and,flightcrew,das,be,sevis,be,or,decommissioning,miners,fseog,rice,fruit,academic,of,osfr,royalty,headform,unbalance,nhs,valve,roadway,cogeneration,to,or,dosing,replanting,textile,rcwp,rrb,floodway,fedstrip,irb,for,calories,honey,milk,levee
15,sip,tax,fsa,occ,un,bounded,in,to,offeror,homebuyer,oflc,in,in,exporter,or,multispecies,section,consular,vocational,battlefield,isfsi,or,cohort,for,ripe,postsecondary,taxpaid,to,unpatented,webbing,ws,in,cryogenic,or,oasis,nwp,labeler,and,replant,advertiser,to,er,ifg,donable,be,weapons,slaughter,fas,ito,tows
16,kkg,dpgr,fda,depository,or,schiedea,trading,px,pgi,in,for,reemployment,rope,cbtpa,airspeed,catcher,annuity,bis,ankylosis,in,ffd,miner,for,stockyards,skim,literacy,whisky,you,lode,thorax,be,urbanized,psig,brakes,be,shoreline,and,inhalation,reinsured,telemarketing,and,gainful,dhs,landholding,fedstrip,microfinance,pork,eqip,meal,river
17,apcd,annuity,this,by,fmcsa,thence,prospectus,haat,sbir,homeless,be,spouse,scaffolds,carnet,engine,monkfish,by,immigration,spouse,moose,for,lands,vocational,grower,and,under,brewery,or,be,belt,for,or,asme,cwr,biobased,engineer,flammability,rats,you,franchise,eis,unemployment,flood,sf,by,this,and,to,cup,engineer
18,bpt,this,flock,is,in,cyrtandra,investors,radionavigation,edwosb,pae,jtpa,for,shall,atpdea,airplanes,the,decedent,ear,pension,timber,hrp,in,ofccp,honey,kernels,borrower,malt,rsv,tup,and,gfr,nhtsa,kpa,rail,purpa,river,in,dermal,irrigated,funeral,or,and,for,by,shall,israel,nutrient,acreage,subdistributing,dredged
19,or,hmo,by,that,lifejacket,chamaesyce,derivatives,radiated,sbdc,tenant,wioa,nafi,energized,customs,crewmember,creek,income,reexports,cpt,monument,dose,dogm,debtor,milled,seedless,such,cigarette,coastal,for,in,capacitance,for,aar,tread,subfunctional,dredged,mowers,animals,to,prescriber,usaf,sickness,mudslide,ridesharing,dlsc,nato,cholesterol,and,to,navigation
20,in,prs,shall,uss,kg,ha,haircut,and,be,for,wage,fehbp,arb,countervailing,in,gillnet,as,cwcr,surviving,nps,geologic,pap,pell,be,kernel,shall,or,dpp,burros,to,telemedicine,mpos,op,underframe,this,or,glazing,photolysis,hundredweight,labeler,afi,alj,disaster,fpmr,is,democratic,pff,or,and,or
21,opacity,includible,rhs,tva,deck,montane,indenture,multichannel,dod,housing,js,career,pel,for,ifr,sablefish,tax,ina,hcpcs,headwaters,btu,be,assistive,fgis,pears,mathematics,to,subsea,coal,pedal,patronage,junkyard,or,signal,any,in,rug,mutant,corn,lamp,hfrp,dhs,preparedness,shall,any,countries,or,kernels,oz,oce
22,naaqs,as,ccc,nacic,vessel,sandwicensis,adviser,in,cdc,multifamily,employer,appointee,cdb,wto,multiengine,halibut,under,in,cemetery,park,be,shall,iep,gipsa,or,childhood,liquors,api,unsurveyed,seat,dsm,bms,rspa,trains,by,usbr,lighter,metabolic,harvest,be,carb,is,radiological,fts,that,poland,swine,mohair,cereal,lock
23,tss,medicaid,milligrams,ndrb,marsec,myrsine,haircuts,radiolocation,pclp,hap,shall,pov,ppe,reliquidation,runway,fishing,is,and,dependency,glacier,iaea,permittee,disabilities,nrcs,to,that,nonbeverage,in,prospecting,rearward,conductor,aashto,explosive,train,commission,engineers,specimen,to,indemnity,for,jacc,survivor,cpg,donees,csc,tuberculosis,ante,sugar,bread,engineers
24,vent,by,quarantined,ngep,ip,phyllostegia,leverage,franchising,protégé,lha,scaffold,an,twa,be,vfr,fmp,which,iran,mets,for,by,funerary,that,packers,growers,educational,intersection,lessee,you,hose,ffb,be,corrosive,in,interruptible,tows,helmet,azo,sorghum,any,in,dib,netc,dlsc,alj,orphans,inedible,warehouseman,donated,rafts
25,effluent,qbu,coccidiosis,ncua,lifeboat,habitat,any,transmitters,sdb,homebuyers,wtw,this,eto,imported,airman,bycatch,nonforfeitable,immigrant,dspe,shpo,this,for,dsu,shall,tomatoes,education,rum,tvd,shall,vehicle,nrcs,metropolitan,and,sill,nonpower,nonnavigable,burner,assay,unharvested,is,dod,railroad,fhbm,agency,handicapped,cfe,slaughtered,wrp,breakfast,in
26,pmn,that,is,any,valve,of,underwriter,frequencies,tco,icdbg,is,under,ladder,saharan,certificated,lobster,remic,blocked,is,township,shall,spoil,fape,by,almonds,youth,and,workover,irrigation,mph,jacket,pavement,tert,cars,gas,navigation,bicycle,cells,bushel,by,rfo,rls,terrorism,dod,fpmr,currencies,retorts,in,afdc,shoreline
27,ozone,enrollee,vaccinates,this,be,maui,otc,geostationary,aco,decent,lca,is,psdi,cafta,pfc,bsai,dividend,hrifa,by,fork,irradiator,odm,unsubsidized,vmlrp,leaf,toddlers,in,tcrs,unitized,outboard,subscriber,byway,welded,quiet,rtg,levee,be,sacrificed,quota,fluorescent,wrpo,detainee,floodplain,tsp,this,such,in,kcco,in,be
28,wastewater,be,vaccine,shall,latitude,quadrangle,forex,dbw,vecp,dwelling,cadmium,rit,conductors,knit,landing,efh,this,bxa,vaar,be,plutonium,blasting,esea,wheat,pitted,ntid,bottling,rams,permittee,tires,cwp,state,in,track,that,be,tester,histopathology,bushels,packager,saf,for,levee,property,pregnancy,americas,beef,ldp,or,raft
29,engine,under,herd,erisa,tank,we,for,or,contracting,mortgages,msfws,be,dbcp,manifest,cockpit,flounder,carryback,inadmissibility,patient,uparr,cask,nrdam,academic,ranchers,varietal,school,unnamed,enc,desert,telltale,loan,dot,flammable,car,is,wrda,cm,cas,replanted,seller,for,lsdp,stafford,aircraft,cfo,cuba,prechill,conservationist,children,spillway
30,particulate,ffi,as,as,asme,deer,trader,fm,mentor,affordable,scsep,reemployed,hoisting,importation,propeller,mothership,year,boycotted,child,snowmobile,hlw,respirable,this,wetland,walnuts,be,bottled,casing,wilderness,restraint,shall,shall,radioactive,passenger,licensee,commander,carpet,neurotoxicity,we,such,foia,child,be,is,such,country,haccp,eep,infant,locks
31,for,fsc,cattle,an,captain,willamette,such,modulation,doe,be,osha,lfcc,boom,exportation,altitude,acl,not,eaa,nursing,lakeshore,atomic,lmu,deferment,poultry,avocados,proficient,tax,for,helium,pendulum,pensions,congestion,to,coupler,lng,navigable,char,in,in,karat,sjas,ruia,cbrs,as,as,be,postchill,for,nutrient,nwps
32,aqcr,an,that,with,tankerman,usgs,be,radiotelephone,is,elderly,by,thrift,for,is,for,observer,an,for,servicemembers,shall,byproduct,lrd,under,barley,russeting,iep,southeasterly,mpms,by,longitudinal,splice,apportionments,cga,uncoupling,exemptee,irt,specimens,dosed,barley,that,bmp,be,gfip,csc,with,multilateral,rabbits,smk,meat,navigable
33,ract,decedent,with,tricare,tankship,hunt,by,translator,by,acc,walling,compensationer,employer,nonoriginating,etops,ipq,with,scl,this,salmon,that,methane,silc,subcenter,in,pupil,cellar,onshore,burro,headlamps,cable,dots,drum,derail,with,spillway,cautionary,doses,for,franchisees,nepa,annuities,directorate,nsn,cooperating,shall,to,cif,school,cwe
34,attainment,carryovers,such,nonbank,nad,mammal,this,db,cfao,this,erisa,by,formaldehyde,dutiable,flights,gear,distributee,blacklisted,reentrance,historic,radionuclides,asmc,scholar,oao,inshell,section,creek,estuarine,placer,crash,unadvanced,tma,be,psp,determinants,fca,mower,msds,seed,warranty,aflsa,payee,nrc,such,pvo,disarmament,protein,upland,suppers,cwo
35,psns,cfc,copolymers,securitization,buoyant,subcanopy,that,dbu,spacelab,dhhl,lsc,panama,pacm,this,ismls,mackerel,reit,eccns,as,drainages,beryllium,dor,is,alj,grader,by,semimonthly,drilling,timber,antilock,splicing,junkyards,stowed,grms,utility,oce,toys,mice,and,cm,sja,an,cbra,fsc,shoreland,hungary,be,planted,food,commander
36,kg,dividend,slaughter,not,for,unnamed,shall,interexchange,shall,by,nonimmigrants,employee,crtu,fabric,rotor,pqs,plan,ned,under,oversnow,reactors,topsoil,an,this,aql,child,drawback,cva,lease,centerline,ringing,semitrailer,hydrostatic,ptcip,asc,nwps,children,aberrations,acre,shall,ang,symptoms,epz,surplus,not,illicit,calorie,cooperator,for,army
37,mg,cah,under,commander,lhg,var,is,gso,idap,mip,attestation,tqse,tagout,gauger,fstd,goa,employer,eoir,nonpunitive,by,gtcc,by,perkins,agriculture,hundredweight,with,bottler,permittee,mineral,or,pairs,highways,thickness,be,functionalize,hd,matchbooks,chromosome,tomatoes,this,farmland,attains,clomr,with,dhs,proliferation,sodium,lfq,yogurt,recon
38,bod,carryback,nrcs,foia,watertight,confluence,merchant,eas,that,nahasda,overtime,as,employers,harmonized,crewmembers,of,subsection,iranian,domiciliary,wolverine,radiation,mlrd,ndsl,sieve,ams,pbo,tobacco,seabed,exploration,accelerometer,by,bac,fissile,commuter,ratemaking,lock,garments,mcan,malting,incandescent,ncpc,detainees,by,any,ccc,states,slaughtering,sugarcane,nutrition,for
39,nsps,not,gaming,annuity,liferafts,psychotria,issuers,channel,subcontracting,iha,respirators,rpl,flammable,by,instructor,ffv,dividends,dhs,headstone,easterly,unescorted,nrepc,with,irb,peanuts,pell,northeasterly,cevad,acreage,axle,subordinations,this,jacket,ecp,as,for,irb,tbp,peas,phr,comcam,retirement,grantee,philippines,dfsc,united,misbranded,quota,tbsp,lockages
40,potw,hha,milk,such,bilge,dubautia,cftc,satellite,subcontracts,pbv,sda,annuitants,acm,tir,azimuth,pollock,if,ofac,residuals,grazing,aedm,underground,postsecondary,parboiled,cranberries,elementary,brandy,sulphur,this,passenger,cpa,motorcyclist,jerrican,crosstie,afudc,lerrd,cellulose,mutagenicity,allotment,you,be,employee,shall,vending,archaeological,under,viscera,be,meals,lerrd
41,pm,hospital,any,fdi,pfd,dodonaea,as,trs,protege,fss,longshore,nonpay,exposures,shall,atc,snapper,spouse,boycott,rvus,oversand,fua,deq,students,that,prune,parents,photoinspected,exploration,any,manufacturer,eia,tmas,welding,glazing,ero,rafts,for,necropsy,indemnities,ornamentation,spo,recomputation,aco,dfsc,nonnavigable,afghan,equines,by,shall,lk
42,sulfur,on,scrapie,may,stcw,remyi,with,signal,contract,shall,ina,shall,welding,cartman,aviation,catch,purposes,parole,such,canyon,any,tup,by,weigher,be,rsvp,taxpayment,be,such,lamp,crossarms,intermodal,hazardous,shall,dam,army,labelers,embryos,or,smokeless,xoobc,by,homeland,famis,an,section,shall,cropland,calorie,pl
43,coating,oid,spp,counterparty,osv,falconry,commission,programming,invention,affordability,employers,househunting,chromium,yarns,decisionmaker,herring,amount,be,flexion,as,tia,escapeway,sls,dockage,varieties,lender,northwesterly,seafloor,trespass,spine,prs,apportioned,overpack,gage,must,nsap,headform,erythrocytes,insured,leather,ea,that,ah,requisitions,requisitions,trafficking,chilling,warehouse,child,floodway
44,engines,pfic,chickens,nasa,dot,and,clearing,watts,this,lender,this,hhg,hoist,subheadings,be,cq,nonqualified,dso,syncope,recreation,is,patrimony,ihe,as,shall,schools,distilling,rp,nonmineral,multipurpose,awpa,by,fiberboard,ptcdp,fpc,permittee,antenna,be,sugarcane,antitrust,fonsi,this,ar,sibac,sex,that,condemned,lsk,breastfeeding,dpr
45,nonroad,remic,not,forex,piping,ssp,securityholder,ebs,sdvo,that,as,workweek,is,that,ntsb,unnamed,beneficiary,ccl,that,depicted,radionuclide,this,child,any,kiwifruit,vista,juice,sssv,irrigable,impactor,rst,that,threads,maglev,entitlements,northerly,shall,micronucleus,aph,as,ewrp,marriage,fma,this,fmr,by,carbohydrate,els,nysp,reservoir
46,this,fc,extractives,subgrantee,barge,river,counterparties,radiotelegraph,sttr,fha,worker,section,conductor,any,airspace,afa,on,cuba,dic,curiosities,repository,onrr,nonbankruptcy,under,seed,as,contour,ocrm,as,esc,armor,under,inhalation,for,electric,cwe,flammable,acclimation,potato,opt,is,disability,ise,dla,diplomatic,narcotics,edible,dairy,tablespoons,ferc
47,cpms,paragraph,an,under,fireworks,leptecophylla,section,iw,sbc,under,an,retirement,grounding,textile,nontransport,grouper,paragraph,sudan,shall,flep,ssnm,revegetation,guaranty,referendum,shelled,career,southwesterly,geothermal,minerals,rim,pair,bicycle,stowage,ssms,workpapers,dams,surrogate,hexane,sugar,lamps,rrs,as,predisaster,that,nsn,any,exotic,attache,state,mooring
48,leak,inpatient,veterinarian,opic,hull,wildlife,quotation,brs,actuarial,homeowner,asbestos,that,cranes,warehouse,airframe,cod,shareholder,is,indemnity,meridian,as,yacc,teacher,secretary,walla,schoolwide,distiller,sidetrack,csu,fmvss,nonloaded,crashes,wetted,crossing,an,southwesterly,textile,importers,varietal,automotive,commander,drc,gmr,fscap,fsc,humanitarian,lesions,usda,supper,waterway
49,chromium,with,subserial,creditor,psig,er,proxy,ngso,as,youthbuild,that,hslrb,niosh,under,passenger,shark,deduction,by,nonservice,this,fsar,oac,loan,smut,nectarines,volunteer,taxpayer,cof,acres,vin,tia,flhp,retester,intercity,devonian,easterly,entrapment,lesions,uninsured,advertisement,wetland,exertional,that,thence,donee,with,sauce,producer,fortified,cecw
50,fel,deductible,additive,usarcs,mmc,ne,investment,vhf,solicitations,supportive,with,agency,crane,subzone,preflight,pelagic,issuer,persecution,outpatient,wild,with,iac,school,nlgca,grapes,state,vinegar,bcf,communitization,lamps,trunks,with,bursting,this,hydropower,res,crib,rat,upland,retailer,by,widower,this,usps,other,guaranties,canned,importer,caseload,eudora
51,toc,payor,cheese,drb,commander,sandwicense,penny,ntia,cas,with,cdu,pcfo,lockout,baggage,that,whiting,actuarial,aliens,an,forester,coc,detonators,section,weighbeam,tobacco,an,mex,ep,townsite,wheel,astm,cms,manway,that,such,shore,flashpoint,translocation,acres,labels,usafe,employer,lomr,homeless,students,concessional,ham,bale,nonfat,shore
52,refiner,macrs,lender,coowner,solas,quadrangles,backed,for,bd,is,swa,remarriage,stel,rewarehouse,aeronautical,hms,deductible,notarizing,hospital,hcnra,lamp,is,ayp,such,dull,guaranty,calif,lease,segregative,axis,rea,irr,tensile,derailment,megawatts,waters,bunk,cytogenetics,processor,with,majcoms,psychologist,cerro,hhs,may,exports,giblets,beet,wic,vessels
53,evaporative,year,section,dla,hose,labordia,an,stations,subcontract,borrower,visa,any,slings,fabrics,simulator,bft,actuary,opcw,not,corner,an,you,stafford,sorghum,fleshy,subgrant,flavor,gom,homestead,pelvis,electrification,hov,mawp,staybolts,bonneville,miccosukee,handlebar,hydrolysis,silage,not,afrh,board,frpcc,bwca,which,reinsurance,bleeders,milc,afterschool,by
54,parameter,snf,pork,releasee,cylinders,tailed,customer,itfs,with,foreclosure,not,wta,volts,exported,tso,swordfish,respect,naturalization,any,landmark,such,with,edgar,is,variegated,volunteers,redistillation,this,roaming,flexion,subordination,lanes,ammonium,ladder,compressor,raft,banned,oncogenicity,potatoes,octane,oprs,earnings,subapplicant,milstrip,agency,nuclear,for,crops,servings,dams
55,adsorber,we,poultry,parolee,voyage,migratory,repurchase,cable,any,hqs,such,may,microscope,cargo,this,tilefish,transferor,an,kicker,northerly,yucca,that,children,bp,nonfat,secretary,thence,by,is,tread,db,bridge,butyl,railroads,unbundled,shall,pacifier,mutations,beet,furs,ewp,takeback,subgrantees,nonreportable,pvos,africa,rdi,harvested,biscuits,waters
56,nmhc,such,fat,on,imo,hunter,filer,itu,evms,families,balca,not,dust,apparel,turbine,vessel,pension,any,spina,caribou,eer,sacred,ifsp,with,for,is,for,nymex,embraced,lumbar,rural,statewide,smys,retroreflective,ttc,jd,is,generically,citrus,helvetica,jacl,not,is,lading,iaip,microenterprise,evisceration,easement,calories,shall
57,csapr,issuer,meat,requester,bulkhead,upland,not,licensee,unallowable,as,mda,cola,ibr,unlading,pilot,ibq,nonresident,visitor,will,unprocessed,fissile,csr,acg,limes,aflatoxin,disabilities,easterly,sems,we,neck,dr,apportionment,liquefied,switch,under,by,emberizing,kpe,raisins,nonaffiliated,udwr,overpayment,with,donation,on,unaids,servings,scgp,processor,flood
58,scrubber,which,bacitracin,prisoner,cylinder,nmfs,hedging,lpfm,not,any,µg,eligibles,benzene,as,fare,spiny,estate,passport,disability,sourcing,under,cpdm,be,promoflor,cotton,cncs,importer,blm,unleased,aiming,this,bus,psi,with,wholesale,cerp,that,pnap,burley,fibers,usda,shall,fia,drms,student,leninist,drv,tobacco,ncp,levees
59,dscm,pihp,usda,daen,forbidden,molokai,on,aeronautical,oha,income,section,partisan,guarded,importations,acrobatic,tuna,policyholder,that,counseling,with,powerplant,kar,as,smutty,grapefruit,any,tubes,estuary,entrymen,buses,ohms,driving,burster,is,section,waterway,ffa,kp,be,deceptively,pacaf,any,sfha,federal,federal,marxist,nels,wetland,ssi,floodgates
60,batch,ssa,ingredient,section,fitted,carex,which,be,offerors,lra,any,enrollee,ml,section,commuter,overfished,understatement,sevp,iwrp,secretary,somd,any,toddlers,erodible,pear,mentoring,whiskies,gas,that,sa,includible,eis,must,wrought,tariff,locks,importer,mutagenic,by,an,that,surviving,as,nonuse,smz,latin,incubation,marketings,be,er
61,you,qhp,may,other,stowed,archery,subordination,wireline,subcontractor,debentures,ucx,such,physician,tariff,vne,mafmc,term,torture,on,such,mro,workings,efc,rancher,tart,aae,be,cop,acre,rearmost,housings,ssoa,lading,crossings,tariffs,bayou,by,neurotoxic,insurance,nonrenewal,afpc,if,itacg,fleet,foia,friendly,eviscerating,loan,infants,harbors
62,pretreatment,if,handler,credit,this,lat,adv,licensees,subline,section,scaffolds,on,rungs,such,odra,gom,unfunded,this,nonaccredited,amrap,lamps,highwall,teach,sourcing,healed,agency,gallons,any,under,mm,shield,hsip,for,amtrak,shall,erieside,mattresses,marrow,peanut,commission,requester,divorce,rep,cataloging,cataloging,defense,goats,rice,cooked,barges
63,solvent,taxpayers,drug,cdfi,lifesaving,bird,asset,wrc,naics,htf,whd,service,derrick,on,cabin,and,ii,reexported,vrc,roadless,isotope,exploration,endorser,triticale,sprayburn,gallaudet,eft,that,millsite,km,multimode,multimodal,packaging,levers,filings,fcr,grievous,micronuclei,fsa,pearl,nrcwcc,tier,wetland,may,dla,egypt,nti,europe,agency,tributaries
64,tgai,distributee,virus,savings,deepwater,dicranopteris,depositor,km,an,such,ucfe,librarian,with,subsidy,dot,coop,other,dsp,with,acres,section,probate,subgrantee,gl,sunburn,nanotechnology,bonded,rue,mine,photometry,nonutility,as,reactive,mu,mcf,cwo,apparel,gavage,tobacco,recyclable,alj,lodge,under,not,hmis,abduction,tbsp,farming,tefap,inflow
65,pses,shareholder,monensin,tarp,is,kauaiensis,other,kilometers,sblc,esg,workweeks,enrollment,ropes,with,glider,endpoint,assets,nacara,dizziness,westerly,asme,as,fws,sbir,flavor,dropout,northerly,payor,drilling,rear,with,is,weld,by,amortization,westerly,antennas,or,rice,cowhide,catex,which,any,fbp,paip,as,ingredients,kcmo,muffins,permittee
66,be,srly,on,cra,cg,moose,disgorgement,paging,under,ha,rope,keeper,fibers,ces,msl,llp,property,longshore,lender,forests,showerheads,ndac,state,awardee,cheese,stipended,permittee,annular,with,probe,voltage,motorcycle,desensitized,caboose,on,creek,slide,mouse,poundage,warrantors,nsi,sedentary,liberties,requisitioning,under,tropical,vitamin,eip,schools,blasts
67,analyzer,enrollees,milliliter,if,must,cliff,interdealer,television,payload,hopwa,under,with,guardrail,broker,an,atlantic,credit,cwc,interment,is,kilowatt,blaster,forbearance,ado,scars,not,intersects,shall,may,latch,pole,intelligent,jerricans,rivets,rehearing,southerly,commission,chemical,cropland,athlete,afcic,disabled,gar,occupant,recipient,on,patties,this,vitamin,breakwater
68,pollutants,lifo,patient,parole,inflatable,polymorpha,person,mv,sismbd,semap,dua,annuities,by,imports,is,scallops,corporation,legalization,bifida,harvest,not,mined,not,an,decay,campus,fruit,diverter,resurvey,psi,loans,sms,welds,inches,not,floodway,with,dilution,peaches,recycled,ppmd,reentitlement,nbic,which,are,psychotropic,ifo,shall,cornbread,recedes
69,mmbtu,qdot,ruminants,gsa,cmv,pleomele,exchange,incumbent,may,pet,which,withholdings,oshrc,an,by,harvested,roth,nato,enrollment,any,radiological,hydrologic,isir,efs,prechill,may,approx,dcs,flpma,dummies,refinancing,carpool,drums,humping,patently,recon,rugs,mating,beets,conspicuousness,ceq,with,prone,on,debarring,munitions,labeling,motes,slice,hqda
70,frgas,beneficiary,brucellosis,which,vessels,big,edgar,inmarsat,contracts,tenants,apprenticeship,overtime,facepiece,lighterman,turbopropeller,to,fiduciary,hqpdu,condominium,wildlife,weatherization,dust,secretary,farmers,potato,title,by,geophysical,not,for,hz,bridges,nitrate,knuckle,which,mooring,pppa,photoreaction,beans,hosiery,nafi,such,ae,biologicals,biologicals,caucasus,cattle,landowner,juice,tow
71,cmbst,esrd,borrowers,annuitant,vapor,ac,nms,subscribers,government,ura,pel,cmtr,that,liquidation,maneuvers,headboat,amortizable,adoptive,housebound,hunting,may,dmlr,grantee,rfa,nonpool,corps,flavors,offshore,lessee,odometer,crosstalk,irrbp,placard,crossties,unconstructed,harbors,helmets,ml,macadamia,showerheads,with,recomputed,state,an,complainant,diplomacy,oz,apple,by,res
72,pcb,unitrust,skim,will,buoy,to,if,interlata,dfars,mahra,on,doorkeeper,voltage,hts,takeoffs,seine,from,exporter,vietnam,visitor,enriched,mines,any,aquaculture,discoloration,on,bottles,is,vein,gawr,as,projects,pipeline,crew,other,northwesterly,wearing,toxicology,reinsurance,ballasts,floodplain,medically,federal,hmis,boathouses,persecution,wholesomeness,fcic,skim,cwp
73,stack,payee,dose,are,ibcs,se,depositary,retransmission,inventions,neighborhood,peyser,dhs,respirable,from,parachute,salmon,case,deportability,may,trout,subprogram,umwa,on,soybean,by,teaching,liquor,your,hardrock,headlighting,nonoperating,axle,flattening,sills,stranded,vessels,door,dgbe,crops,mpg,easement,overpaid,such,other,submitter,antiretroviral,eviscerated,such,cnd,craft
74,uic,example,cas,alj,ocs,mammals,under,gmdss,ilp,not,are,you,bd,abi,turbojet,efp,secretary,trafficker,neuralgia,southerly,microcuries,alluvial,literacy,plantship,canned,cohort,appellation,ced,wild,pelvic,accruals,transportation,postweld,highway,may,ferc,darts,gammarids,forage,misrepresent,presidio,stepgrandchild,lomrs,ojp,pcbs,is,bleeder,bdma,cacfp,eis
75,equation,ehr,dosage,hqda,by,lysimachia,portfolio,sideband,on,may,oaa,mspb,lifeline,waybill,fuselage,haddock,excludable,spouse,beneficiary,may,tritium,longwall,alj,hsacu,usda,teach,meandering,string,tracts,brakes,is,safetea,brazing,on,if,reservoir,this,gene,fci,which,sra,under,interoperable,war,discrimination,multinational,boneless,mcal,tanf,boats
76,bat,intercompany,sodium,you,lifejackets,km,may,stereophonic,acquisition,tenancy,ladder,sergeant,hose,not,bts,inseason,profits,child,dyspnea,national,fenestration,oha,irb,greens,spready,baccalaureate,sonoma,decommissioning,settlers,kg,km,sov,placarded,not,includible,lockages,insulation,mutagens,milk,carnivora,gpcp,on,an,are,terrorism,global,sis,is,butters,southerly
77,cyanide,asset,quarantine,asd,anchorage,hedyotis,fcm,cpni,debenture,rmc,may,tour,flashpoint,appraisement,solo,psc,nonrecognition,unmarried,burial,antlered,irradiated,rcw,fellowship,on,dairy,subgrantee,fermentation,with,land,deformable,substation,on,sift,rspp,kilowatt,cecw,retroreflective,test,fruit,misbranded,as,entitlement,not,screener,aer,assistance,flavoring,nonrecourse,program,downstream
78,is,dividends,kernels,dfas,cdl,meridian,act,lr,hca,troubled,immigration,mwaa,irritation,unlade,airports,sharks,subclause,as,cve,lake,licensees,rops,fellow,may,peaches,program,grape,seaward,on,tubing,ansi,section,inner,dispatching,milepost,da,carpets,recessive,uninsurable,dyed,oeq,rush,clomrs,precious,you,terrorism,egg,as,coupons,whistle
79,zinc,are,pseudorabies,nsf,signal,mannii,assets,band,if,nofa,pacm,pay,filter,yarn,glide,or,gst,annuity,section,spoliation,freezers,not,campus,weighing,sunscald,violence,westerly,minerals,patented,importer,dlt,tip,packing,chord,ledgers,flood,pad,chromosomes,producers,issuer,afb,grandchild,fbfm,county,will,other,eggs,marketing,this,morganza
80,incinerator,any,honey,servicer,shoreline,blinds,adtv,spectrum,disadvantaged,ciap,tra,fercca,graticule,beneficiary,dihedral,shoreside,subparagraph,not,which,snowcoach,rs,an,crra,soybeans,lugs,subgrants,southerly,czm,which,accelerometers,engineer,roadway,fibreboard,piston,project,southeasterly,retardant,for,peppers,securities,an,creditable,cyber,disposals,requester,may,ozs,milled,noodle,is
81,comar,carryover,mg,commanders,lng,isodendrion,investor,dbm,insert,bedroom,immigrant,opf,microscopy,worsted,engines,in,payor,shall,guaranty,on,snf,geothermal,such,infested,flesh,undergraduate,proprietors,apd,adopter,carline,attenuation,federal,butylperoxy,eighths,interconnection,dpr,laundering,strain,appraised,section,watershed,consultative,on,decorations,houseboats,infected,dietary,kernel,stamp,moor
82,that,shareholders,cervids,pia,coastwise,bidens,contractholders,megahertz,are,eviction,cdb,which,grounded,aircraft,icing,skate,may,exports,claimant,that,radioactivity,on,borrowers,sacked,cream,companions,shall,ocsla,leasable,is,nmr,dfde,steel,conductor,will,rfa,prototype,moribund,marketing,gemstone,shall,employers,racs,pcbs,section,usia,mules,that,postpartum,elevation
83,as,undistributed,wtc,odni,freeboard,wolf,accountant,booster,subcontractors,homelessness,flsa,uniformed,nfpa,which,passengers,landings,donee,encryption,employability,fishing,mrs,grazing,may,section,kno,scholar,dealer,driller,forage,buckle,amortization,mutcd,anhydrous,asms,fpa,bulkheaded,flame,ester,staple,label,whip,handicaps,elevations,pcb,fleet,nations,sheep,any,vegetable,cwa
84,ppmv,qpai,mfh,information,kpa,mllw,notional,epirb,such,secretary,twa,wage,valve,binational,with,mesh,that,student,secretary,cave,incandescent,inby,rehabilitation,forest,grademark,other,taxable,opa,an,frontal,kilohertz,motorcyclists,aluminum,alerter,functionalized,pierhead,as,excreta,is,may,farmlands,may,cybersecurity,upholstered,from,ambassador,gram,seed,ounces,will
85,pesticide,qjsa,eggs,federal,phmsa,spp,syndicate,dbs,at,an,migrant,nsps,acrylonitrile,carnets,thrust,fisheries,described,cnmi,treasonable,trail,on,outby,if,not,scab,enrollment,cigars,rig,permittees,assembly,nreca,buses,wooden,handbrake,lands,is,lbf,ka,apples,rayon,lender,lump,section,requisition,pcb,treaty,chicken,county,nutritional,as
86,dscf,profits,which,from,with,coot,pcaob,cmrs,solicitation,ahar,worksite,participant,hepa,other,mls,purse,distributable,with,traumatic,unsurveyed,license,voltage,program,fsa,cotyledons,endowment,denaturants,as,shale,cushion,mortgage,driver,manhole,trackage,stats,cr,repackager,tk,tomato,cultured,noi,cvi,srl,agencies,importer,korea,diseased,with,with,channel
87,dischargers,transferor,carcasses,irb,buoyancy,upstream,margin,unbundled,officer,commissioner,workers,flsa,as,may,logbook,harvest,shareholders,iraq,prosthesis,donelson,which,may,enrollment,other,plums,stipend,bottle,arm,noitl,transverse,kwh,unzoned,hazmat,aar,atc,cwa,reflector,cytotoxicity,any,implication,fapd,will,may,will,childbirth,hungarian,turkeys,producers,dietary,waterbody
88,county,nonrecognition,fruit,da,ibc,diplazium,securitization,ibfs,protest,paint,visas,cfc,this,lading,must,scup,substituting,section,homeless,jazz,irradiators,hoist,enrolled,oats,semielastic,faculty,corner,ibla,whiskeytown,vhad,that,belt,leakage,ptlf,decisional,as,any,this,premium,subscriber,any,irb,insurance,asbestos,reagents,bilateral,adulteration,forage,cheese,easterly
89,refinery,hcfa,medicare,csosa,towing,fork,whistleblower,telegraphy,other,mortgaged,energized,probationary,mu,preferential,flaps,overfishing,empowerment,crewman,amputation,map,teletherapy,under,mpn,veterinary,any,hawaiian,denaturation,choke,secretary,lens,reel,shd,cartridges,wheel,downstream,eudora,centimeters,neuropathology,us,on,may,pension,ao,mayor,eoq,which,is,beets,as,southwesterly
90,by,ffp,dietary,insured,welded,species,registrants,this,nonmanufacturer,insured,servicemember,wg,urine,if,nspm,magnuson,distributions,reexportation,ieap,pwc,ofp,such,undergraduate,nonchalky,greenish,learning,mash,mmpa,rangelands,deceleration,ccsr,pms,orm,cant,forma,downstream,child,tissues,sweet,fiber,jajm,remuneration,other,services,pid,arsenal,boned,processor,that,atchafalaya
91,benzene,pahp,ingredients,jag,npfc,birds,affiliate,broadcast,pension,grantee,wdb,retired,combustible,chile,fares,sideboard,trust,under,therapy,ptarmigan,intelligence,surface,shall,dealer,nondescript,which,is,pipeline,plat,glazing,debited,fhs,valves,frog,oepnu,tributaries,probe,heritable,that,other,landowner,nonexertional,subgrant,ntsb,mos,president,subgroup,lint,pasta,oda
92,lb,ira,clinical,lra,mc,understory,registration,emission,cdcs,nhhbg,acm,noncareer,toxicity,customhouse,crew,fished,allocable,orphan,irb,concession,other,impoundments,preaccredited,handler,such,educators,boundary,unitization,allotment,photometric,on,scenic,corrosion,horn,cogenerator,er,such,drosophila,on,unfair,this,part,floodproofed,under,dod,nondemocratic,stunning,dafp,lowfat,yards
93,shall,nhces,pullorum,acquiror,stowage,coprosma,paragraph,that,eft,nonentitlement,slings,spousal,creatinine,coastwise,hme,bluefin,survivor,may,if,mountain,addenda,overburden,teachers,teaching,hypocotyl,enrolled,on,we,sundry,burnish,splices,intoxicated,expelling,steam,wildlife,fk,chimney,chromosomal,onions,halide,dppa,impairments,sfip,eoq,if,muslim,sausages,wrpo,enriched,upstream
94,section,patient,importer,depositary,ballast,diospyros,opt,shall,undefinitized,mortgagees,facepiece,if,analyte,filer,strainer,cqe,archer,united,dental,section,postclosure,lode,schoolwide,rowed,raisin,programs,brewers,spill,mms,motor,dielectric,not,detonators,as,nonmajor,waterbody,toxicant,actinometer,popcorn,imitation,af,cii,ammonium,reagents,shoreline,not,as,cfo,usda,northerly
95,oxygenate,cmp,state,soldier,coast,hunts,ksb,nanpa,clause,mortgagors,μg,creditable,carcinogen,heading,climb,oy,than,states,paralysis,permittee,fission,flma,education,cris,nc,are,as,czma,forest,windshield,sheath,project,strain,sheeting,license,this,seconds,kd,grain,nonpublic,requesters,alimony,intelligence,bidder,debtor,extremist,accreditation,hundredweight,unflavored,moored
96,combustion,hces,bia,banking,that,waterfowl,manipulative,bands,dhs,ginnie,homeworkers,from,lanyard,states,powerplant,yellowtail,payee,paroled,vr,gorge,energy,premining,endowment,farmer,russet,grievance,map,under,horses,motorcycle,wrap,fh,alloy,crosslevel,curtailment,dredging,aatcc,processors,oats,assets,afmpc,physician,which,unsalvageable,catalog,palestinian,saturated,grazing,qc,harbor
97,creek,nonrecourse,households,inpatient,mariner,acacia,transaction,esv,veteran,family,eto,child,blasting,ethnological,windshear,quahog,amortization,refugee,chronic,thpo,preclosure,mms,institution,cochairperson,detracts,toddler,straight,royalties,authorized,with,electric,ffga,astm,unstayed,bpa,jds,colorists,females,oilseeds,consumer,eiss,disabling,mitigation,sedans,epls,peace,by,cane,fruit,eq
98,methyl,distributions,foods,mtf,drawtender,tetraplasandra,advisor,headend,lender,bedrooms,dbcp,ofegli,not,atpa,airship,tac,umwa,notarial,vba,trails,emplacement,escapeways,gsl,rural,stalks,native,ml,on,if,percentile,jobbing,umta,stow,headlight,weq,inflow,retailer,vivo,not,franchised,airfields,debtor,elevation,decoration,borrower,pharmaceuticals,sugars,aflatoxin,fluid,pwr
99,nickel,nonqualified,juice,don,ibr,or,reparation,by,ffrdc,subrecipient,other,widower,charcoal,united,altitudes,species,undistributed,such,tuberculosis,boundary,polygraph,flame,subsidized,floraboard,inelastic,infants,beverage,nidp,other,sid,grounding,transit,weldable,fouling,accounts,channel,fig,rodents,grapes,embalming,not,sexual,claimant,mos,malt,cyprus,utensils,prp,uib,dredging
100,furnace,recapture,ratites,securities,astm,jn,repository,wcs,iss,gses,dislocated,entitlement,vapors,fungible,airline,rcr,securities,syria,servicer,ranger,msv,noncoal,agency,livestock,stalk,fafsa,napa,may,section,tpms,cables,pdps,im,mph,franchised,fcar,axis,typhimurium,prunes,under,gcms,railway,plume,fss,requisitioning,reforms,this,pasture,nonresidential,easements
101,wastewaters,ssi,flocks,nonmember,bridge,kadua,margining,emissions,cost,fmr,conductors,fehbar,airborne,quota,loads,wreckfish,preretirement,on,ventricular,gillnet,fluorescent,dnr,individualized,borrower,lean,curricula,gras,wellbore,swamp,that,not,ridership,this,an,impoundment,oda,ban,pda,rma,marketer,srcwcc,pain,will,aviation,houseboat,terrorist,such,fotg,flavored,beach
102,with,tanf,other,nics,valves,game,var,is,ilc,onap,uc,firefighter,piping,proprietor,flown,tunas,unrealized,diplomatic,fatigue,snowmobiles,enrichment,which,other,breakpoints,shriveling,grandparent,any,an,surveyed,angle,prepay,any,retest,alinement,protest,with,cigarette,weaning,oilseed,prize,amc,section,policyholder,agencywide,noncertified,missile,monounsaturated,planting,tfp,firing
103,fluoride,hhs,are,thrift,as,anglers,holders,psap,subsector,afh,aliens,interfund,idlh,country,inertia,flatfish,treated,grievant,angina,chickaloon,av,nonmetal,scholarship,reparation,apricots,talented,retailer,modu,reclaim,lap,will,traveled,with,wayside,megawatt,levees,resecured,algal,ascs,if,on,marries,agency,from,debarment,strategy,polyunsaturated,commodity,amdt,intracoastal
104,fueled,spouse,referendum,agency,lifeboats,cheirodendron,security,ip,which,on,rept,grievance,zpp,hong,touchdown,lagc,period,licenciatura,anemia,wolf,ballasts,royalty,are,tuskegee,ky,part,sparkling,sanctuaries,are,pillar,subtransmission,pedestrian,pressure,boiler,service,northeasterly,pedal,mg,this,cashmere,fouo,remarries,assistance,use,part,coproduction,potassium,exported,recipes,blast
105,combusted,distributable,sfmnp,army,fsp,nep,qsb,astronomy,ssbic,counseling,hoisting,married,cm,kong,thence,squid,distributive,stowaway,honorable,lynx,ari,minerals,which,crop,pistachios,graduate,flavoring,hydrographic,irrigated,braking,yes__,nonmetropolitan,oxidizing,audiogram,from,craft,misbranded,mutants,yield,showerhead,unguaranteed,other,we,faa,sponsor,financing,rinse,pledged,sponsoring,hqusace
106,tre,utp,secretary,victim,mariners,cibotium,xbrl,payphone,sbcs,addi,at,payline,abrasive,gatt,compartment,inshore,asset,asylee,loan,backcountry,radiographer,alj,parents,dairy,apples,local,breweries,trustees,settler,lbf,staking,an,leakproofness,derailing,exemptees,that,baby,tera,sheller,biodiesel,sro,annulment,tribal,catalog,ta,title,any,oilseeds,macaroni,with
107,vents,amount,food,requesters,shall,fishing,traded,mss,acquisitions,cdwsp,mccomb,other,are,intraport,enplaned,acls,msa,ieepa,copayment,steelhead,sscs,entryman,lcr,which,pale,loan,unmerchantable,drill,geologic,be,trunk,may,vapor,engineer,rhwm,floodgates,importers,germ,will,adjudicative,scoping,dies,ve,malt,msds,pluralism,fatty,cooperating,nutrients,this
108,ppm,odcs,pma,borrower,barges,psydrax,dealers,vrs,psb,phdep,unemployment,nontemporary,disconnecting,consignee,torque,quota,straddle,deportable,dysfunction,yellowstone,promethium,shaft,advocacy,sheep,as,stipends,this,must,public,steering,dsc,nps,methyl,lever,nonregulated,yards,ignition,metabolism,production,advertisers,decisional,has,immigration,noncertified,nonfriable,reprogramming,nitrite,aquacultural,breast,such
109,oxides,physician,pediatric,issuer,liquefied,raptor,information,antennas,aidar,dwellings,formaldehyde,conus,saws,protest,lat,landed,passive,license,restorative,mile,csa,chap,acf,bulblets,germination,year,canyon,supervisor,unappropriated,beam,slitting,nonmotorized,plywood,guideways,presiding,will,ovoid,fixative,dairy,btu,spos,stq,floodplains,hypo,sf,cuban,rabbit,wheat,homeless,commanders
110,methanol,fogei,vitamin,fdia,on,clermontia,brokers,broadband,leverage,other,substate,nonappropriated,clutch,classifiable,reciprocating,yrca,person,fry,visn,said,irp,haulage,youth,horse,referendum,consortium,such,nova,your,perpendicular,subaccounted,such,shell,dispatcher,each,barges,not,males,counties,spam,noncombat,married,households,real,paraphernalia,taliban,veal,tkc,menus,any
111,vapor,assets,protein,debtor,fittings,decoys,merchants,uls,gpe,rrof,naturalization,at,ladders,vnm,propellers,iad,elective,lvs,delimiting,yosemite,fueled,explosion,ada,importers,alternates,outlying,brix,submerged,metes,adjustable,merger,bia,nozzle,locking,aee,firing,plane,trout,legume,martes,will,mental,are,bwaa,requisitioner,ally,reinspection,growths,enrolled,scow
112,sludge,cobra,immunogenicity,conservator,mate,peperomia,obligor,subcarrier,payloads,which,sharable,ctap,brake,unladen,under,sne,investment,iaea,pulmonary,wonderful,annealing,wilderness,vending,corn,ac,gifted,winemaker,not,rangeland,shall,any,byways,is,fatigue,mw,bounded,blade,shall,as,camera,usna,wife,nitrate,government,milstrip,torture,with,cccod,breads,westerly
113,npdes,from,nppo,csb,bulkheads,coordinates,equity,analog,award,hecm,if,former,derricks,haiti,powered,mammal,patronage,libya,other,trapping,emplaced,highwalls,services,malting,rosin,skills,gallon,valve,revested,child,awg,tifia,frangible,longitudinal,jobbing,any,adhesives,kio,farm,fineness,cbpo,act,disasters,screeners,requisition,foreign,tablespoons,sorghum,ievs,creek
114,megagrams,distributive,from,sapr,flammable,map,nrsro,atsc,pricing,phmap,employee,title,ppm,lade,nonstop,gb,employers,sed,pursuit,east,afterloader,arrester,part,dmf,oranges,migrant,warehouse,platform,leases,reflex,transformers,roadside,refrigerant,telltale,oao,hydrologic,seam,lesion,section,casket,afr,are,basement,underutilized,subprojects,swaps,vitamins,not,which,nautical
115,locomotive,gst,cholesterol,at,welding,in,introducing,cgsa,israeli,fhefssa,homeworker,remarries,aas,wool,gust,butterfish,date,cuban,declarant,southwest,postulated,doi,baccalaureate,seed,crop,lenders,mountain,stratigraphic,act,ignition,mortgagees,resurfacing,combustible,treads,hinshaw,on,gpu,isocyanato,eruption,paddings,are,maternity,nuclear,section,handicap,pakistani,that,nem,is,canal
116,flare,unrealized,tribe,nro,seaman,gillnet,are,fae,will,sro,ojt,marriage,plhcp,cartage,localizer,footrope,determined,survivor,unemployability,lowell,nelia,other,pupil,pecans,onion,scientifically,with,wellhead,vegetative,anchorages,dialing,intercity,elongation,candela,customer,seminole,cup,chamber,els,ozs,cadet,amount,fis,msds,requesters,infections,unwholesome,fob,bilingual,yazoo
117,startup,vr,pdp,fms,rhumb,goose,company,with,ntap,gnma,subrecipient,divorce,mc,exposition,any,shrimp,contributions,if,enlistment,not,weapons,blast,paragraph,handlers,wormy,counseling,river,bops,embrace,transducer,cushion,rail,msv,at,power,harbor,consumer,methyl,such,mustelidae,precandidate,from,terrorist,mtv,monetization,atlantic,nutrition,an,redonation,buoys
118,combusts,you,retort,debt,ul,alyxia,from,mvpd,from,refinancing,from,who,kv,ita,as,dogfish,apply,enc,symptoms,upstream,ashrae,explosive,counseling,are,marketing,subsection,untaxpaid,lessees,bidder,knee,dbm,noise,reclosing,valve,revenues,breakwater,resecuring,toxics,durum,rodentia,other,vocational,pathway,state,ocean,freedoms,interlaboratory,poundage,needy,on
119,ph,hospice,medicated,assets,not,diellia,pursuant,aural,you,hba,pwd,oconus,respiratory,duty,may,chinook,underpayment,portpass,protégé,adf,commission,section,graduate,barrows,tomato,youths,winery,ram,said,lockup,copper,fars,piping,worker,public,intracoastal,on,metaphase,under,lamb,wildlife,his,occupant,fmr,athletics,an,pizza,collateral,income,da
120,kiln,employer,hospital,treasurydirect,vhf,wolves,nonpublic,pcs,debentures,mae,crewmembers,demoted,vapor,apo,altimeter,processor,means,entrepreneur,episodes,bait,thorium,auger,must,garlicky,packer,graduation,elevation,nops,use,occipital,arresters,vanpool,deck,any,blanket,ro,cpsia,lc,farming,premerger,wbp,medicare,grantees,philippine,information,diplomatic,corned,usnec,swica,that
121,remanufacturer,excludable,if,claimant,at,salmon,contractholder,orbit,jun,ffy,act,are,deenergized,vessel,noise,lb,individual,palestinian,pensioner,dunes,cbdpp,gle,ipe,gilts,calyx,poverty,fermented,sppe,all,mpg,other,secretary,poisonous,braking,information,such,poison,micronucleated,shall,furnisher,wafb,deductible,hazard,bid,girls,tpcc,dietarily,grazed,not,tributary
122,ghg,mco,serum,cfpb,nautical,viscosa,you,bpl,gsa,incomes,solicitor,insurable,decompression,bonded,seats,pot,hca,abroad,from,beach,mox,rope,toddler,slaughter,brown,allotment,township,argos,gilsonite,by,injuries,fws,chloride,riveted,applicant,nautical,mast,nulliparous,quotas,deception,ida,husband,seismic,ridematching,program,religious,roast,erodible,under,flowage
123,vom,may,hydrochloride,part,extinguishing,hawaiiensis,nonaffiliated,switched,business,cgp,psdi,botanic,ctq,valorem,longitude,srd,indebtedness,excludability,champva,mountains,are,outslope,coursework,flowers,unripe,hawaiians,redistilled,if,lessees,moment,refinanced,traffic,car,rear,are,beach,section,minnow,pea,person,nonserved,social,grande,nonfriable,recruitment,subsection,flavor,exporters,elderly,vessel
124,fr,earnings,nih,navy,davit,melanthera,advisers,nce,agency,multiclass,alj,widow,workplace,seized,attitude,for,are,detainee,incarcerated,southeast,offsite,grounding,fafsa,biomass,eggs,grantee,alcohol,section,reindeer,erbp,resistance,subrecipients,not,sidefacing,intervener,watershed,clamp,bis,grains,swatches,cadets,month,insurer,paraphernalia,fbp,nongovernmental,product,counselor,are,bbf
125,combustor,cdp,flavor,grantee,river,snipe,rollup,contour,fta,alj,arb,fedvip,an,unentered,not,reef,qualified,narcotics,affairs,mount,if,underdrains,elementary,cooperator,limes,from,perfume,hydrocarbon,relinquishment,edr,margins,which,footrings,foul,uncontested,hqda,swatches,ideally,allotments,mustela,advocate,infirmity,from,requisitioner,nonprocurement,refugees,ingredient,burley,any,sof
126,pcbs,actuarial,will,ddg,corrosion,ncn,indentures,winning,architect,assistance,welding,lump,µm,laden,jettisoning,coral,participant,alj,infection,curatorial,at,mountaintop,trimesters,nirs,fancy,learners,wort,will,unreserved,this,cr,are,plastics,each,part,hspp,bassinet,incubation,noninsured,endorser,decertification,defunct,fco,gebat,at,government,gravy,nass,casefile,lockmasters
127,sistersville,deduction,polymers,exposures,waters,squirrel,commodity,uhf,financings,eeo,dhs,overseas,outrigger,trimmings,on,shorebased,taa,aau,psychologist,prospecting,part,geologic,veteran,stowage,edibility,institution,northwest,such,federal,door,dbrnc,trails,stress,crashworthiness,buydown,moor,which,sperm,apple,numismatic,esohc,medical,alluvial,mlis,mlis,malnutrition,hfrs,under,rda,may
128,hmiwi,alj,acid,subgrantees,llnr,logg,unrealized,hf,tooling,luha,wages,nonsupervisory,carcinogenicity,reliquidated,ils,stevens,surviving,other,dlco,anilca,subgrantee,are,desegregation,nutrition,organically,funds,vodka,nws,mer,trailer,concentrator,corridor,ops,lateral,merging,eis,lawn,chambers,mpci,ungulata,centcom,at,ema,nsep,fms,condoms,strs,may,recertification,southeasterly
129,cvs,property,beef,sja,pilothouse,dove,forma,pp,coc,deconcentration,state,ictap,atmospheres,exporters,boardings,mammals,retirement,ddtc,hospitalized,northwest,from,trolley,agi,forestry,fluid,curriculum,section,other,bopd,thighs,micromhos,stas,by,horns,application,boats,hazardous,mbt,soybeans,broadtail,tjag,died,pmrs,handicapped,fss,export,deboned,on,nutritionally,hydroelectric
130,dioxins,corporation,potency,swap,decks,subunit,prudential,relay,microloan,rents,lockout,fegli,on,interlinings,shall,caught,carryovers,sanctity,neuritis,area,microcurie,mineral,disability,biofuels,lot,borrowers,miles,continental,title,treadwear,nonrural,ve,aluminium,collision,all,tributary,an,dgba,grown,acquisition,opr,mcb,rac,occupiable,postsecondary,russia,sop,cottonseed,camps,boat
131,tsca,depreciable,niosh,handicapped,peroxide,raccoon,shareholders,voip,sbdcs,ihp,exposures,architect,hoisted,mural,ewis,kg,exercisable,interview,unmistakable,superintendent,faucets,subsidence,teaching,watermelons,avocado,fellowship,cigarettes,materiel,tract,bumper,irp,itgs,reheat,deadhead,at,elevation,asbestos,polychromatic,your,reflector,piadc,work,handicaps,unutilized,outlot,peacekeeping,calcium,micronaire,ounce,mississippi
132,rcra,afdc,roxarsone,endowment,epirb,duck,its,radials,wage,violence,mitchell,worksite,platform,cvd,cargo,hook,rollover,ret,dishonorable,northeast,effluents,if,heal,ccc,limbrubs,fellowships,firearm,archaeological,scenic,automobile,are,lu,tanks,carbody,paragraph,blasts,quilted,revertant,if,oz,eas,famc,offsite,bids,ast,refugee,organically,thursday,sae,fenders
133,shutdown,plan,icea,hola,voyages,grimesiana,affiliated,captioning,software,gonzalez,fringe,commuting,overcurrent,amateur,at,trip,at,aes,prosthetic,heritage,doses,revegetated,servant,bioenergy,cusum,loans,concentrate,which,will,nij,wire,crossings,detonating,part,its,morganza,may,solvent,canola,gold,caa,benefits,hydrologic,blind,leadtime,pandemic,nonnutritive,ginned,peas,signal
134,any,usp,fmnp,has,modu,warbler,servicer,hz,leverageable,if,asylum,campaign,carcinogens,rvc,section,trap,made,are,borrower,bay,strontium,federal,trio,importer,thin,each,consignor,hydrocarbons,wildlife,engine,such,crash,gauge,axle,biodiesel,sof,product,culturing,stonefruit,microns,feasor,qatt,administrator,donated,asbestos,nbc,scalding,nap,medicaid,at
135,monoxide,nonresident,nutrient,fca,tanks,gouania,nasdaq,landsat,bpa,rehabilitation,polygraph,tcs,symptoms,article,airframes,bass,taxpayers,sudanese,fev,from,iwa,comar,ii,biopreferred,overripe,federal,not,communitization,noncompetitive,driver,poles,td,peroxides,bolts,regs,may,fireplace,lethal,perennial,warranties,if,debt,defensive,hazardous,flowage,democracies,lard,milk,may,jd
136,acid,other,fatty,deers,heeling,lydgatei,client,smr,sf,ehpa,auditee,fellow,wheel,airport,command,fork,after,burma,educational,waters,isotopes,detonator,accrediting,biosecurity,oily,kindergarten,healdsburg,esd,interior,rbs,bd,funds,di,crewmembers,rate,tow,knob,strains,varieties,are,barc,unemployed,poc,smsa,interscholastic,infection,chopped,shelled,household,not
137,rins,aco,dairy,ucmj,nfpa,plover,tender,collocation,bundling,fhap,ppe,retirees,nrtl,are,nautical,quahogs,taxes,beneficiary,geriatrics,archeological,cooled,energized,forgiveness,prize,dehydrator,civics,southeast,lands,from,snubs,nonwicking,lands,stoneware,psi,transmission,section,burn,eds,producer,information,nnsa,service,dune,pbs,lading,qaeda,food,dasco,migrant,navigating
138,copper,agub,slaughtering,beneficiary,abyc,broussaisia,investee,as,bahrainian,subsidy,deportable,thriftline,at,arrival,each,nefmc,interest,country,are,paleontological,freezer,prospecting,from,postdoctoral,middling,eligible,levy,downhole,rentals,replaceable,switching,ozone,mixtures,may,normalization,aiww,neurotoxicity,pn,nass,product,afcee,actuarial,information,billings,intercollegiate,congressional,turkey,bql,on,eng
139,hcl,esop,sheep,mortgage,thickness,drainages,subordinated,any,see,are,crtu,incentive,insulating,tecro,autopilot,bottomfish,subtitle,taliban,supportive,wolves,refrigerator,will,federal,bushel,unstemmed,including,santa,state,patentee,hinge,forecast,hometown,cushioning,appliance,permittee,cwp,matchbook,biphenyl,flue,wattage,ileb,individual,local,public,comp,victims,reformulation,will,grits,rivers
140,catalytic,blackacre,calories,corps,pipeline,platydesma,has,wireless,outlying,chsp,healey,will,ansi,will,slots,codend,election,cat,schedular,other,alara,crosscut,at,nass,cotyledon,institutions,vendee,sea,horse,pneumatic,postretirement,other,detonator,curving,efh,upstream,astm,organisms,irrigation,blend,afbcmr,student,flooding,all,seller,famine,coloring,marketed,such,revetment
141,thc,pccm,animal,bank,cargoes,antidesma,cusip,signals,vetting,tdhe,subgrantee,creditor,desorption,paralympic,landings,handline,states,oee,vha,which,furnaces,unpatented,schools,producers,packed,companion,grapes,doi,cultivation,forwardmost,deferment,mpa,brazed,inch,subaccounts,recedes,manufacturer,tissue,safflower,disparagement,landowners,unallocated,firefighting,stocked,person,corruption,animal,livestock,aims,patrolled
142,mact,allocable,pkwy,dental,navigation,pheasant,sci,bss,protested,insurance,taa,senior,sling,producer,flap,edr,csec,ds,caregiver,archaeological,secretary,blasters,creditor,naretpa,diameter,classroom,gauged,nao,lodes,mounting,preloan,staa,seams,lone,spillway,not,slider,pups,county,pelt,reclamation,stepchild,emergency,edp,has,sustainable,denaturing,bales,protein,vhf
143,malfunction,qsub,cotton,martial,ether,muzzleloader,required,on,subgrantee,cranston,physician,grievant,cylinders,at,twic,handgear,wages,visas,student,primitive,radiographic,cme,has,canola,ballots,prep,remittance,osrp,officer,sidewall,subscribers,bicyclists,ug,passby,licensees,commanding,anvil,hydroxy,hail,customer,fonsis,alive,mobilization,cba,sedans,armaments,mg,ginseng,sponsors,reconveyance
144,mercury,roth,tribal,all,tankships,princeps,underwriters,aws,all,stalking,tagout,student,purifying,prepenalty,airspeeds,psq,hedging,unblocked,countable,tbcb,subcritical,at,title,glutinous,underripe,tribally,may,cement,ao,cylinder,licensor,hsp,phosphorus,shoving,proposed,bay,thread,locus,with,furnaces,commanders,requester,clomas,centralized,request,hunger,milligrams,payment,atp,buoy
145,residues,reit,fnsro,nsa,weld,grizzly,at,ixc,fpi,landholding,combustible,folklife,usps,proclaim,antenna,cm,united,exported,physician,sequoia,information,deenergized,unserved,cropland,micronaire,nssc,highway,coal,drilled,fluid,financing,fonsi,wall,fastened,federal,pier,sidewalk,meko,farms,trademark,information,beneficiary,program,dot,assistance,observers,oleomargarine,edible,sponsor,section
146,municipio,ltp,heal,usd,an,osteomeles,registered,video,llrf,eeoc,stel,rif,worksite,entry,air,ole,provided,bcc,marriage,yukon,confirmatory,triadelphia,loans,pollinator,whey,coursework,milliliters,unenhanced,states,legs,prepayment,junk,imdg,rails,jurisdictional,whistle,are,photoperiod,seeded,flawless,submitter,period,wetlands,casu,despatch,aids,temperature,which,speer,bay
147,grease,estate,at,affiliate,twic,hesperomannia,dividend,mdu,section,youths,grantee,retiring,outriggers,annex,ditching,loa,forfeitable,intercountry,inpatient,within,panoramic,ver,sea,hispanic,midrib,service,ethyl,nmsa,carey,kpa,tone,program,lsa,section,filing,cei,hangtag,teratology,cyclical,invoicing,borrower,time,erosion,opac,cscs,narcotic,label,dmd,substitutions,northwesterly
148,gasoline,ii,gras,act,drawspan,endpoint,accounts,lifeline,mirr,occupancy,subminimum,intelligence,exposure,subsidies,unescorted,msy,earnings,from,service,under,must,remining,eeoc,reinspection,citrus,grantmaking,bm,tubing,mined,anchorage,architect,sdot,refrigerated,ssm,generator,mississippi,runway,fry,provisions,act,bmps,downpayment,judiciary,worksharing,leadtimes,lourdes,chili,if,section,drydock
149,pal,see,polymer,ar,hydrostatic,dolphin,than,directional,protester,assisted,rungs,rate,toeboards,moireing,pitch,nontrawl,married,convention,at,campground,irb,minesite,internship,crotalaria,sweet,challenging,unimproved,cementing,state,as,arrester,shsp,loaded,disarranged,state,nonnavigability,labeling,solubility,parity,buyer,doj,diary,fusion,innocuous,marital,development,tissue,signup,unsweetened,buttes
150,dose,fs,ogc,rdfi,extinguisher,nontoxic,bdw,satellites,use,ihbg,youth,position,booth,softwood,nonpriority,sfd,tradable,which,sickle,diablo,heater,mla,leap,research,tonnage,income,muscat,ultra,locatable,horizontal,cm,motorist,mrem,equipped,aca,patrolled,fireworks,is,pivr,baseball,under,funeral,mppp,furniture,all,internationally,birds,valencia,agencies,datum
151,cadmium,qsst,pasteurella,opt,patrol,hibiscus,abs,itrs,securitizer,congregate,niosh,office,cassette,wines,retracted,gulf,fasit,nonimmigrants,remarriage,coyote,labeler,cmdpsu,repayment,pork,misshapen,parental,exporter,communitized,npr,lb,subaccount,nbi,accelerative,sounded,act,atchafalaya,footbrake,premanufacture,nonirrigated,bsub,such,he,earthquake,ticket,eleemosynary,are,trichinae,apples,oig,naval
152,on,trasop,adulterated,bhc,bay,tuna,cik,uwb,unfunded,urban,cong,gs,hcs,lbcip,baggage,subarea,wilma,fingerprinting,rehabilitation,keeper,wattage,sheathed,year,musty,mold,homeless,firearms,are,royalties,sternum,ld,ce,inch,under,squeeze,naval,upmost,carcinogenicity,bean,insulation,airfield,ceremony,vo,barcoding,stocked,unsafeguarded,not,fsn,sweetened,lands
153,nitrogen,hedging,milligram,tdp,may,cites,antifraud,lptv,tar,downpayment,dust,arctic,pels,vom,fatigue,ngom,thru,referrer,clinical,landowner,itaac,diametrical,subgrant,rye,this,epscor,silverado,from,trespasser,occupant,insulation,subcomponent,incl,eot,shipper,project,mm,absorbance,sunflower,retailers,gils,requesters,emmitsburg,mailgram,means,fata,nonconformances,buyback,nonpricing,wuj
154,detergent,onc,otc,advocate,meters,coots,bd,amts,copyright,project,npc,enroll,methyl,trademark,gyroplane,dolphin,employee,itar,fiduciary,battle,invention,solicitor,parentally,afri,cottonseed,preschool,sugar,shear,tar,dot,deferments,public,compartment,propelling,conduit,mariners,desiccator,humic,multiplying,encircled,nonpoint,dmv,if,boac,it,secretary,renderer,frpp,an,pier
155,dioxide,nonforfeitable,fsis,drg,hazardous,santalum,regulator,permittee,ofccp,condominium,conductor,belated,longshoring,fta,anticollision,upstream,insurance,nlr,thumb,mining,material,diesel,semesters,trig,berries,languages,which,psi,allottee,fpsps,transformer,arterial,hydrogen,couplers,prescriptions,ecosystem,omnidirectional,sacrifice,catastrophic,composting,defenselink,her,micheal,leadtime,use,polish,hams,credit,vended,bridge
156,volumetric,adsp,dqp,reserve,overcurrent,lipochaeta,trades,dbi,mipr,loan,nurses,comparability,kidney,cbera,helicopter,adf,accrued,accrediting,percentile,koyukuk,will,from,timeshare,ars,darker,subgrantees,manufacturer,depths,workings,honeycomb,bidders,tms,gage,welded,facilities,buoys,cribs,particle,pears,lens,which,arduous,spann,traveler,vocational,african,calf,oilseed,fliers,are
157,tclp,qsb,ml,ffg,crew,pisonia,each,such,simplified,part,mc,alj,hazardous,shooks,gear,yellowfin,katrina,marriage,medical,interior,rtndt,circuits,gepa,if,is,paragraph,under,sap,hydrocarbon,luminous,busy,nepa,propelling,buckling,wheeling,moored,guaranties,ether,which,coined,idas,evidence,plain,if,flag,globally,uncooked,gluten,nutritious,dredgings
158,an,shall,resins,request,vts,machaerina,depository,not,when,program,flcra,emf,overexposure,importers,gyroscopic,fish,futures,deported,insured,pinelands,backfit,conductor,allotment,seeds,tolerance,hispanic,road,trawl,trails,tension,frs,subrecipient,explosives,dot,captive,at,glass,pmns,handler,pearls,cev,person,wildfire,environs,homeland,untied,sanitizing,gin,ssa,gates
159,not,fp,absorbance,osd,combustible,rockii,all,bta,mmas,will,guarded,time,asme,paragraph,pilots,ccamlr,during,iirira,annualization,tenths,each,hawaiian,workforce,crowdsourcing,seedling,if,hydrometer,reservoir,easements,seconds,accounts,fatalities,circumferential,breath,company,fmcar,mandrel,equation,volcanic,carat,honorable,adjudicating,subgrants,commuted,boatslips,debut,nutrients,assignee,bulgur,bombing
160,coke,must,egg,whs,rna,tetramolopium,censure,broadcasting,small,familial,respirable,period,valves,spirits,ultralight,gillnets,retiree,fear,enrollments,dune,acrs,enrollees,wioa,nfs,may,vocational,an,deepwater,graze,subtended,cwps,carpools,longitudinal,accident,outages,commanders,upholstered,concentrations,cane,from,ars,therapy,crisis,airport,boys,children,conveyor,rma,overissuance,navigate
161,hr,erisa,crop,dcaa,bwms,wolverine,subsidiaries,lat,sbic,homesteader,volts,contributions,overvoltage,port,sfar,hake,deductions,practitioner,serviceperson,bull,heu,unsurveyed,fisl,state,wrinkly,will,yountville,usv,tups,camper,odsc,nondivisible,joints,speed,balances,aquatic,test,daphnid,year,tire,nuclear,terrorism,coastal,accessorial,lawyer,including,salmonella,grain,csfp,bounded
162,ester,fori,copolymer,board,mawp,permittee,sars,kw,information,fmrs,job,naf,µl,nonmarket,stall,whale,electing,directorate,muscles,northwesterly,sv,helium,blind,meat,rancidity,consortia,brewing,bbl,livestock,not,otier,dwi,flange,mbes,depreciation,seconds,bathtub,kde,secretary,franchisors,vidoc,after,mennonite,eleemosynary,undergraduate,nonmarket,aoac,deip,allotments,mariners
163,aftertreatment,election,child,deca,welds,coyote,debtor,bandwidths,bid,hawaiian,farmer,paragraph,noncombustible,preclearance,balloon,river,child,crewmen,hospitalization,big,defense,fan,each,aflatoxin,that,activities,distillation,humpback,abstractor,on,mdf,cmaq,icao,freight,landowners,hqusace,newtons,operant,nursery,electroplated,from,unskilled,ceo,general,hazardous,chapter,grams,molasses,peanut,northeasterly
164,toxics,recharacterized,infant,paragraph,brake,raptors,liquidity,modulated,its,evicted,benzene,unmarried,conductive,exporting,dispatcher,turtle,account,has,date,parkway,closets,underdrain,crashes,weighers,unhealed,unsubsidized,alcoholic,eis,gas,aft,sai,directional,alw,switching,order,pmf,resecure,radiolabeled,usda,freezers,afrotc,erroneous,salvation,monument,services,antiretrovirals,anthrax,oats,processors,piers
165,diesel,qef,infections,state,grt,charpentiera,bylaw,stl,inventor,empowerment,learner,states,shutoff,smelting,part,noaa,nondeductible,part,tutorial,are,grams,ors,trimester,act,epicotyl,diploma,from,bact,townships,signal,impedance,part,liquids,cupola,pipelines,rivers,torque,fathead,germination,fabric,agency,year,map,at,spirits,combat,smoked,polyhydric,homes,project
166,sampler,ussub,coloring,neh,boat,fws,presentor,mds,deliverable,reac,microscope,must,stairway,lighterage,yaw,wcpfc,prefunding,nationality,department,riverways,nureg,lqd,trustee,ogc,ascolano,assistance,tequila,riser,protraction,actuation,from,hpms,leakproof,footboards,including,seaward,ignite,melanogaster,lentils,unproductive,spr,creditability,uninhabitable,administrator,property,iaea,compartments,csp,foodservice,czm
167,nrlm,passive,hfs,repo,each,lobelia,dividends,cellular,dpap,afhm,wirtz,individual,shipbreaking,seizure,accuracies,bandit,remuneration,reexporter,apprenticeship,downstream,tailings,belt,neisp,food,seeds,services,promontory,dwop,drill,fz,underbrush,axles,that,interlocking,generation,yazoo,charred,chloro,hybrid,ophthalmologist,part,when,director,fbx,debt,forests,bird,lateness,farmers,masters
168,smelter,deductions,biologics,nts,vent,shot,cea,intelsat,incentive,slums,guardrail,biweekly,gloves,copyright,stalling,fmps,ratably,annuitant,medicare,varden,sro,borehole,fellowships,from,cracks,preservice,valley,information,plats,detent,all,parkways,pf,trainset,buyout,easements,guaranty,isopropanol,oranges,platinum,aircraft,impairment,mt,quitclaim,education,antiterrorism,muscle,bioenergy,rdi,commanding
169,opt,qpp,acreage,child,tert,wild,convertible,an,shuttle,ihas,cranes,impasses,dose,import,nacelle,lobsters,gain,assets,mental,burros,psap,fuse,credential,fase,nonfluid,families,warehouseman,allottee,overflowed,shoulder,incapacitated,passenger,cm,flange,statement,vessel,patching,salmonella,policyholder,advertises,habitat,benefit,floodways,cannibalization,sponsors,credit,chiller,noninsurable,embezzles,anchor
170,locomotives,donee,seed,fmcs,engineroom,lake,ii,sdars,cognizant,demolition,grounding,beneficiary,circuits,tpl,rating,mus,recapture,nova,circumstanced,nonsuitability,stereotactic,state,statewide,durum,not,magnet,mendocino,geological,millsites,celsius,insulators,countermeasures,packed,semaphore,period,are,ellipsoidal,matc,coverage,caller,dcia,payable,analysts,when,mediator,wmd,giblet,payments,preprimary,towboat
171,rbob,child,mammography,uniformed,alarm,freycinetia,unlisted,oppositions,bpas,performer,cruelty,part,lp,fifo,seating,atka,all,service,vosb,beaver,specimen,audiogram,vr,veterinarians,tolerances,than,cider,rov,sublease,sbr,debit,vehicle,na,associate,peaking,mcas,bicycles,staining,may,refiner,bail,date,hazards,gvwr,wine,imf,lymph,part,soynuts,seaward
172,fid,dialysis,grams,usmtf,logbook,geese,statement,radio,cotr,nrmr,ui,debt,wheels,crocheted,fireproof,uscg,stock,exportation,individualized,southeasterly,ahri,operator,who,ntis,pasteurized,dvsa,gin,subsurface,meander,anthropomorphic,circuits,saddlemount,acid,audiometric,volumes,eq,clacker,algae,bypassed,felis,rd,was,nureg,bedding,act,fund,algebraically,bonus,entree,floodways
173,dimethyl,carrybacks,nursing,violence,methyl,ft,traders,groundwave,paragraph,continuum,mspa,employing,mg,passengers,aft,bering,biodiesel,tsu,aggravated,use,curies,part,stockbroker,growers,stringy,at,quadrangles,subsoil,readjusted,bead,debt,nbis,gas,circuits,declassified,pwr,headforms,lungs,onion,ophthalmic,conservation,age,costed,waybill,idca,arms,initialized,usnef,pasteurized,accotink
174,chloride,at,bison,fbi,rudder,neraudia,bidder,unmodulated,acuc,must,farmworker,annulment,any,information,seaplane,midwater,percent,will,rvcp,prehistoric,pap,anthracite,outcomes,beef,with,encore,northeast,plug,claimant,dealer,closeout,from,radionuclides,engineman,kwh,watercraft,dive,liver,rows,advertised,dpprs,information,dpa,cscs,its,guaranty,loin,other,at,rfa
175,fugitive,svb,sulfate,usacidc,drawbridge,oahuensis,redeemable,radiator,realism,refinanced,hepa,employees,microglobulin,crew,aqp,landing,deferrals,person,manifestations,roaming,coolant,conductors,ombudsman,will,dirt,english,lodi,mineral,united,accelerator,section,ferry,nitrocellulose,cabooses,subfunction,canal,ball,abnormalities,an,finer,ferc,windfall,all,leadtimes,intramural,adherent,entrees,bushel,each,federal
176,leaks,eag,acervulina,pcii,steering,longitude,ebrd,dialing,piid,from,crane,united,anthophyllite,smokeless,sdf,longitude,denominator,wassenaar,helpless,refuge,urinals,stoppings,cfsp,cattle,discolored,described,summons,crude,mla,deis,puc,nonhighway,oxidizer,which,tribes,federal,other,dimethyl,grader,prescription,air,doc,including,states,ust,international,pizzas,usne,aro,lake
177,usfrs,will,sirup,records,lightering,macrococcus,banking,narrowband,has,moderate,part,debarring,diver,fulling,airmen,dcpl,refunding,biometric,persian,state,ballast,seam,including,reviewers,edible,ii,essences,ssv,acec,tether,lender,rta,aax,tgms,curtailable,compensatory,garage,deta,reappraisal,canidae,rod,it,act,motor,provided,orphaned,mule,stre,beans,other
178,fluorinated,amortizable,butterfat,depositor,dioxide,shoreline,date,distress,far,rental,bargaining,recruitment,bridging,gaugers,if,dredge,carryforward,act,hca,siege,bwr,conditioner,publisher,universities,barouni,fiscal,noir,undepreciated,reconveyed,automobiles,nf,if,fittings,pathway,aboveground,bombing,if,hfp,reappraised,seabed,federal,garnishment,associate,shipments,doj,russian,fats,supergrade,flour,from
179,tpy,coinsurance,titer,person,embarkation,gila,underwriting,service,services,wsp,nfjp,roth,section,rum,heater,vessels,bargained,cas,war,gillnets,inimical,brattice,career,sore,defects,parenting,aroma,flaring,unentered,bag,pedestals,tcms,solids,mawp,bm,antifouling,from,substance,undergrowth,secondhand,uscinctrans,unreduced,backfill,fare,required,available,curing,safflower,nonhousehold,watercraft
180,obd,illustrated,methyl,merger,lifebuoys,opossum,column,intership,cao,subrecipients,tanf,sick,liquids,acspp,flightdeck,buoy,title,consignee,vetbiz,motorized,means,we,smart,elevator,stems,subchapter,eastward,bottomhole,petrified,assemblies,an,will,wc,drawbars,relicensing,blast,playpen,tox,referendum,it,oeo,have,part,telegraphic,pesticide,sematech,denatured,cropped,butter,horn
181,ammonia,trust,isooctane,dss,tons,for,form,lecs,osdbu,hope,fibers,dies,dermal,proclaimed,rotors,troll,liquidation,korea,congestive,enjoyment,defrost,fbe,doctoral,program,nominations,adults,southwest,cofs,within,at,account,nhi,bw,speeds,ado,organotin,unneutralized,ppb,threshing,nylon,atomic,burial,sco,forwarder,made,speaker,sugar,ocean,coconuts,tugs
182,cmr,interest,adjuvant,tia,marpol,alectryon,uncleared,unicom,surety,revitalization,child,disability,alj,trade,descent,be,church,recruiter,insurance,memorial,insureds,all,skills,chalky,tenderer,amount,surety,voc,sublessee,roof,nesc,monoxide,placarding,than,ii,buoy,under,as,marketings,wt,dopaa,payments,government,act,abortion,communist,wholesome,bu,soup,sunken
183,ciswi,odc,cats,debarment,ladder,delissea,oxley,commission,aeronautics,turnkey,ropes,fund,from,entries,slot,tacs,heir,usml,muscle,foxes,brachytherapy,placer,funds,shrunken,agostino,grant,liters,isobath,application,visor,may,tunnel,uranium,signals,rto,boat,bethesda,fetuses,grape,undeterminable,srt,conscience,collapse,postpayment,nrc,european,dying,flue,recombined,barge
184,are,credit,antigen,subgrant,righting,asteraceae,nominee,observatory,gpa,homeowners,flammable,homesale,which,airline,aileron,that,annuities,terrorist,reservists,crab,kwh,burros,mathematics,discolored,obliza,achievement,that,mmbtu,operator,femur,bellcore,year,millimeters,crack,exhibit,other,textiles,offspring,moisture,astm,fws,than,embankment,presorting,alleviated,laundering,chickens,rapeseed,vegetables,vicksburg
185,under,icf,horses,abcmr,spaces,aqueducts,sro,microvolts,wto,hmis,trafficking,lwop,audiogram,secretary,vsr,observers,ratable,adoptee,medication,mineral,irradiation,gassy,infants,forester,rot,aged,southward,platforms,subdivisional,dass,loop,safety,leak,haul,natural,vhf,radiant,cultures,commodity,ironing,fwca,before,at,spirits,distilled,relations,cook,barley,if,signals
186,hc,esbt,brunetti,mtfs,op,linearis,provided,interconnection,must,public,attestations,tenure,dive,aul,overwater,fishes,donor,foreign,extremity,rivers,geohydrologic,lease,act,ergoty,peanut,provide,ava,drilled,leasing,bus,mgb,freeways,burst,cracked,reservoir,overtopping,curbstone,mated,count,yarn,arpc,residual,cora,architect,scholarships,radiological,labels,farm,embezzled,trespass
187,landfill,surtax,tylosin,sexual,butyl,trotlines,unaudited,atc,anc,securitization,unsubsidized,surviving,pulley,shipper,feathering,ra,within,must,tuition,an,cop,hoisting,faculty,service,graded,forbearance,if,hole,irrigate,manikin,prss,rutting,as,safety,decommissioning,under,trim,itc,rapeseed,faucets,tsp,payment,levees,bannister,landrights,peaceful,meal,corn,wholegrain,tide
188,catalyst,nonhighly,infected,it,aar,wet,filed,dsc,federal,at,wagner,debarment,occupational,summons,tcas,logbook,has,udoc,scars,zion,dpv,shale,magnet,at,swine,instructional,confluence,easement,surface,seats,clad,appalachian,may,noise,upstream,eng,flux,adsorption,kernels,trimmings,ascs,sheltered,pmr,oa,requirements,from,may,from,part,under
189,discharger,notional,birds,must,cryogenic,captivity,rule,ib,financing,dofa,learners,after,employee,nontariff,trim,sfp,regulations,inadmissible,refinanced,tributaries,rockville,cables,dischargeable,each,finish,out,stills,explorer,ntl,helmet,kilometer,each,stainless,from,takeover,czm,at,inhibition,hay,compostable,gca,made,freeboard,triangle,each,manpads,cured,soybeans,alternates,pud
190,chloro,practitioner,necatrix,macom,from,nestegis,collateralized,digital,defense,unassisted,evergreens,chapter,hood,ftz,tariffs,discards,numerator,brokering,auditee,caves,indemnified,hazcom,educational,agricultural,protein,who,clearlake,apm,townsites,yaw,nanofarad,motorists,pyrophoric,roof,powerhouses,scow,sofa,mmad,peril,handicaps,handicapped,defendant,means,aqueduct,paragraph,monogamy,products,sponsor,fat,hawsers
191,nmog,taxed,nutrition,rotc,driver,eagles,business,tariffed,preaward,nha,crewman,date,fittings,canada,hub,gaf,bargaining,grievance,paragraph,camping,iwb,csmc,il,peer,sampler,proficiency,sloughhouse,solas,at,condyle,if,distracted,overpacked,shaft,compression,accotink,carcinogenicity,tfe,are,drycleaning,afjrotc,who,multihazard,telecommuting,procurements,vaccines,chilled,harvest,steals,dragging
192,furans,elective,loan,divorced,boiler,remya,gaap,tcb,flight,tdc,all,debtor,sheaves,dyeing,maneuvering,watershed,carrybacks,importation,nurse,agriculture,risc,intrinsically,semester,agency,rge,servicer,brandies,preventer,landholding,inflatable,emption,dwight,cars,staybolt,landowner,pca,infant,aerosol,pecans,hair,at,occupationally,floodproofing,acquisition,dgsc,democratically,carne,canola,nuts,warned
193,cas,gain,hpg,acquiree,offshore,pteralyxia,it,epfddown,plp,property,hoist,leo,rung,dumping,harness,iccat,redemption,nationals,rating,everglades,nema,farmland,aversion,preproposals,producer,credential,exportation,annulus,realty,fueled,which,tahoe,neckrings,signaled,betterments,from,signal,section,marketed,online,permittee,jobs,management,consignee,nagpra,asia,steam,program,nsa,waterways
194,filter,nonelective,plasma,its,uninspected,pouteria,chapter,ps,than,debenture,filter,your,ignition,reliquidate,gusts,is,disc,respondent,materiel,ruffed,eie,subgrantee,information,weevils,which,disadvantaged,gauge,stack,tunnel,vertical,nonhygroscopic,system,reclassed,shopped,taxes,deauthorization,thermometer,vesicles,transplanting,tag,claimant,she,has,zoning,scouts,zealand,hangback,participant,oa,which
195,meat,after,intramuscularly,loan,muster,darter,nasd,unseparated,subfactors,title,ml,furlough,acetylene,liquor,knots,by,unemployment,application,philippines,ski,criticality,drilling,plan,sampler,solids,individualized,ameliorated,firewater,coos,striker,kv,upwp,ammonia,other,kilowatts,iei,standard,impurity,middling,diamond,state,deceased,lifelines,wine,subrecipients,budapest,pinfeathers,farmers,hunger,kaukauna
196,from,taxes,codex,rtc,bounded,steelhead,sarbanes,vmes,tdrss,frail,employees,medicare,complainant,usppi,navigation,gutted,installment,amerasian,services,grouse,era,boreholes,garnishment,toxins,ryegrass,grantees,catacula,at,township,unbelted,surge,nonconforming,groove,intermodal,cost,hydroelectric,cord,phenyl,yields,nondeceptive,debtor,annuitants,renter,fba,obviated,caribbean,livers,eligible,grains,shoaling
197,operator,its,hct,patient,pg,antlered,systemically,nanp,multiyear,udag,student,recordkeeper,may,has,plane,fnp,paid,destinations,arthritis,land,weatherized,noncombustible,governmentwide,socially,primings,graduates,imported,valves,kgra,ev,retirements,tam,receptacles,ocu,filed,bridge,sensitizer,mutagenesis,swathed,has,wake,pregnancy,postattack,ocr,knoxville,missiles,spices,turfgrass,workfare,works
198,toxicity,qic,gallisepticum,usg,millimeters,you,market,multipoint,ir,pac,paragraph,duty,carcinogenic,countries,vso,aboard,real,iaa,has,northeasterly,presiding,conveyor,period,federal,immature,recruitment,effervescent,schematic,notice,retroreflective,substations,use,lithium,roadbed,bk,patrol,afsl,agar,nonrecourse,custodian,usdao,recomputations,epzs,united,action,traffickers,glands,acres,all,aberdeen
199,capture,respect,animals,than,megc,flueggea,liquidation,may,concern,rehabilitated,has,teacher,qc,gsp,dro,sea,gains,at,birthday,monuments,heaters,acreage,promissory,crops,dingy,corporation,wholesaler,mud,exploratory,snub,unamortized,agency,seam,if,scenic,lockmasters,bookmatches,liter,cropping,conditioners,epfs,worker,secretary,mistake,when,child,vent,irrigated,coupon,erosion
200,cwa,date,avocados,debarring,survival,neowawraea,subject,polarized,ousd,requirements,will,civilian,isolating,nonconfidential,vor,subsector,overpayment,chattels,preexisted,easements,powerplants,unitized,creditors,odor,bruises,made,jimtown,all,native,rib,nanometers,qhso,threaded,apprentice,horsepower,ky,forefinger,loci,endorsement,closets,nafis,decision,strategy,governmentwide,time,opium,necks,cyclical,uc,deae
201,solids,nf,horse,eeoc,nozzle,claoxylon,quotations,polarization,launch,households,crc,recredit,ammonia,cbi,ddm,this,before,cwcia,echocardiogram,steens,spr,archaeological,income,experiential,cantaloups,statewide,nonindustrial,perforated,unproductive,rollover,repeaters,tractor,receptacle,crossover,energy,warned,embers,translocations,modoc,urinals,classifiers,vacation,wreckage,invitation,fringe,made,which,cropping,congregate,feim
202,ambient,irs,milliliters,lending,boilers,stenogyne,backtesting,pf,tcs,has,bd,has,manhole,cfta,recorder,turtles,grantor,petitioner,program,denali,lsn,roof,victim,nonhistorical,melanose,grandparents,snuff,ocean,hereto,backset,optic,oem,overpacks,yard,it,anchoring,dose,adrenals,siskiyou,message,section,security,cloma,it,sexes,logistic,inspection,shorn,misapplies,jds
203,topcoat,period,pasteurized,hqla,keel,vireo,offerings,radial,postaward,state,maneja,than,spray,recordkeeper,nonhub,cmcp,expropriation,hostage,enrolled,woodsy,physicist,particulate,than,poises,dark,information,mile,marine,alaska,cars,must,arterials,elastic,are,shpo,an,tablet,amino,seedbed,at,academy,setoff,pags,gifts,usepa,awacs,dishwashing,nec,service,basin
204,bct,fte,dogs,spouse,pumproom,sunrise,order,oet,casb,lma,waialua,telework,belt,destroyer,vibration,brd,carryover,unblocking,alj,inspiration,tede,combustible,consolidation,shiplot,flue,award,alternation,pshl,chiefly,thoracic,usoa,all,pipe,crashworthy,geothermal,flowage,chronic,radioactivity,ein,cremation,fppa,been,pnp,supergrade,emblems,military,insanitary,fgp,from,nourishment
205,hcfc,all,biobased,medicare,passengers,harvest,securityholders,mobile,payments,amount,hose,pbp,lifelines,african,oda,lingcod,gift,you,brachial,clg,escorts,aml,amount,samplers,mature,alj,liqueurs,coring,resources,retreaded,volts,uscg,fusible,hostler,mileposts,lake,noncomplying,oxirane,growers,nonrequired,cils,paragraph,states,each,financial,landmines,packer,are,year,reservoirs
206,nsr,intangibles,cream,slgs,tonnage,successional,exemptive,intralata,it,landlord,plan,separates,concentrations,nonselection,taxi,surfclam,worthless,mtcr,payee,pnnl,sabotage,krs,lenders,fellow,weak,agencies,northwestward,fluid,phosphate,front,buried,maglev,placards,kips,income,bbf,presiding,bioavailability,other,cosigner,aircrews,agency,activation,office,edp,hamas,are,reginned,counts,cottage
207,precompliance,nonlife,turkeys,naval,any,eragrostis,contract,skywave,required,evict,refugees,enrollees,pha,appraised,speed,elandings,alien,cbp,hypertrophy,resources,paragraph,avs,graduation,information,melons,tutoring,other,actuations,part,abdomen,postloan,motorized,potassium,pushcar,declaratory,piers,tufts,lavage,dehorning,scraps,request,lodges,nfirs,prospectus,including,interdiction,venting,nonphysical,itos,all
208,at,uss,chloride,doj,msc,whale,financial,azimuth,sdbce,subgoal,supp,multicandidate,arsenic,av,repairman,cvo,policyholders,petition,subgrantee,longitude,rtpts,flowrate,reinsurance,sharecropper,sstd,licensure,east,welding,management,fzc,mortgaged,at,poison,trailing,ocs,signal,dimension,acute,from,ply,act,days,sponsoring,tdr,kcco,services,lbs,exports,chestnuts,eiss
209,must,has,acetate,fouo,datum,quail,trustee,nvng,cots,ofheo,than,candidate,ungrounded,handloomed,sida,motherships,nonpurpose,export,divorce,kahaualea,requirements,acre,mcnair,ranch,bunches,workforce,robles,hydraulically,powersite,ibt,preservative,pedestrians,chlorate,turnouts,dams,aberdeen,tuft,vitro,price,billing,afman,insurance,forensics,seavan,state,exporters,cows,middling,flours,hydrologic
210,hazardous,nondeductible,tuberculosis,privacy,explosive,brighamia,account,station,ii,recaptured,fiduciary,federal,hoists,insular,certificate,aleutian,who,who,nonveterans,titanic,iplv,volts,individuals,hemp,committee,servicers,frcs,blowout,lignite,myc,ieee,walkways,inorganic,crewmember,nwi,mitigation,afterglow,benzenamine,chickpeas,paws,force,day,provided,transtrav,mental,armed,coli,quoted,acorns,patrol
211,emitted,intermediary,hass,eximbank,jetty,slough,unconditionally,telecommand,nfs,mckinney,complainant,compensable,oxygen,exports,shutoff,groupers,shortfall,spousal,memorialization,ecological,rtmax,wildlife,individual,empowerment,hail,ratably,summit,leases,inholdings,cg,fibers,stds,chlorine,service,after,lands,volts,benzene,abandon,caskets,wetlands,examiner,regional,drmo,reservoir,year,livestock,debtor,care,towboats
212,liter,debt,inpatient,dtic,pump,myoporum,rules,trunked,fpra,emsa,refugee,amount,inorganic,crewmembers,navigator,itq,beneficiaries,ippctp,income,landowners,has,enrollee,overpayment,grains,aggregating,has,part,nexrad,reclaiming,leg,multiparty,roads,ethylene,such,stratigraphic,anchor,cb,microscopic,vines,undetermined,directorate,pooled,property,cadets,commodities,expropriated,washbasin,commodities,distributing,shores
213,astm,cgs,agency,required,berth,scaevola,securitizer,subcarriers,costs,provided,microscopy,intern,pulmonary,china,autorotation,coho,timeshare,classifiable,disabling,cabin,fuel,preshift,its,germ,salable,tech,sweetening,prospecting,easement,latched,lenders,funding,associate,wheels,retirements,which,label,gonads,mature,credit,environmental,earns,attack,pickup,donation,noncredit,pickle,lash,fruits,shoreward
214,mswlf,gme,calves,osc,pressure,ilex,filings,esaa,ancs,poverty,lcas,deductions,lh,provided,which,pout,notional,captivity,sdvosb,togiak,state,flpma,guardians,mushrooms,tx,accrediting,reconsignment,correlative,subsurface,torque,at,means,flattened,weld,within,transiting,inch,assays,undamaged,lumens,whdp,victim,subapplicants,ed,nongovernmental,genocide,thawing,awp,seeds,stern
215,tto,purposes,nonfat,institution,navigable,dendroica,time,radiotelephony,ccr,amortization,graticule,emfs,hazards,aes,from,bluefish,defined,blacklist,rehabilitative,fox,ansi,interrupting,provided,aquacultural,undersized,outcomes,alternated,seismic,pillars,padi,outlast,asset,ductile,erd,mitigative,gates,guardrail,chronic,blueberries,manufacturer,itc,compensation,department,space,government,australia,bockwurst,section,underissuance,reclamation
216,dioxin,therapy,tenella,commanding,moored,kaalae,derivative,isotropically,definitization,act,lifeline,handicaps,blood,ait,rudder,offload,cotr,prc,reenrollments,opal,than,act,all,person,other,leaders,northward,flare,bidding,traction,ber,subarea,hoop,derails,has,embankment,wedge,cell,adjuster,compost,cropland,decree,within,distilled,donated,violence,breastbone,haying,other,district
217,may,bargained,misbranded,handicaps,yacht,wahuensis,made,dbk,requirements,reexaminations,grounded,erb,nip,bie,supercharger,bounded,premiums,aircraft,aggravation,cultural,condensing,vegetative,unsecured,than,mushy,awarding,arroyo,shelf,reclaimed,forehead,tm,requirements,tbq,horizontal,ercot,secretary,latex,pyr,grafted,electroplate,tsc,all,fire,airworthiness,activity,democratization,bologna,crushing,orphanages,projects
218,importer,gainful,bacterial,provided,launching,rabbit,decisional,section,debriefing,fheo,consular,subsection,afl,dr,vmo,yelloweye,ira,trafficking,noncompensable,snowcoaches,exposures,trailing,award,hydric,celery,dropouts,unmarketable,shorelands,lupc,ms,ccs,erected,specimen,shear,interventions,shoreward,flash,vdf,ncs,clothes,weapons,request,cache,tos,directorate,programs,sweetener,cwt,funds,lights
219,otto,commissioner,disalicylate,complainant,extinguishers,silene,fiduciary,ntsc,bidder,nofas,redetermination,member,eye,commissioner,screener,pdt,rita,tortured,extremities,foresters,hhs,tus,programs,biotechnology,fruits,reallotment,at,resources,than,astm,violet,targets,container,ens,asset,projects,toxicologist,serum,cropped,ml,board,indexed,geosciences,dgsc,moored,provided,comminuted,export,overissued,ro
220,kraft,drg,coli,time,sailing,grouse,securitized,fss,data,all,sesa,actuarial,min,republic,sfra,dissostichus,expatriate,allegiance,malaise,nabesna,hexafluoride,coalbed,after,subterminal,from,principals,are,deep,cadastral,lbs,pension,ptms,venting,mutcd,notice,water,bins,ph,our,tila,scsr,recoverable,setback,bailed,photostat,nationalized,bulls,contract,reconstituted,chesapeake
221,inlet,stock,herds,im,aft,beluga,registrar,earth,gao,coinsured,boom,appointees,vaporizer,spirituous,dme,spear,each,missile,nonpulmonary,public,epca,nonpermissible,disburse,slaughtered,endosperm,backgrounds,minute,guarantor,stumpage,fade,under,stp,plastic,cocks,contested,navigating,angle,epididymis,lugs,volts,privacy,wages,demobilization,recapturing,guaranty,debt,on,deputy,summer,navigability
222,if,ma,antitoxin,consumer,alloy,secs,prospectuses,relocator,unpriced,paragraph,valve,itra,cv,voyage,drag,cph,wager,humanitarian,period,mentasta,all,niosh,you,faculty,midribs,term,decolorizing,fishery,area,antitheft,assets,mobility,inches,securely,chapter,fenders,sharp,kie,agriculture,disclosures,soil,no,patriot,theodore,disproportion,out,condensate,reconcentration,adults,steamboats
223,mole,disc,calcium,abcp,section,rostrata,exchangeable,terrestrial,following,vacant,work,nonpreference,chloride,intellectual,other,qp,business,subgrantee,interphalangeal,cape,radium,desert,parent,pollinators,halved,scholarship,lien,interactively,monuments,proportioning,nup,tea,specimens,sounding,pumped,datum,marble,pons,date,felted,miq,amr,each,fema,cargo,girls,casings,tvg,than,logs
224,requirements,made,medicaid,registrant,drydock,canopy,must,paired,performance,than,blasting,when,tremolite,ustr,cfd,ecco,except,veu,fingers,gulkana,conditioner,drill,developmental,multistate,reddish,correctional,consignee,bcfe,shasta,hic,construction,motor,mrht,coupling,nameplate,mulligan,flattening,thymidine,nonfat,vicuna,pentagon,intersex,title,made,centralized,gaza,rooms,floriculture,breastfed,navigational
225,torque,charity,cusum,lgd,steel,lynx,subadviser,frn,procurement,subgrantee,workday,means,aboveground,corded,payload,overage,nonelective,reexporters,refinancing,tributary,showerhead,sedimentation,we,animal,wavy,all,cereal,federal,must,hb,eis,tribal,at,protectors,motion,basin,pivot,zepp,walnuts,bovidae,all,compensable,public,secretariat,discriminates,weapon,at,pdd,soynut,bastrop
226,choxd,numerator,than,eng,seaward,canyon,merger,rf,nra,occupant,shipbreaking,workdays,inhalation,cording,tour,reel,fhlb,weapons,hypertension,motorboats,program,land,eligible,department,dried,rigorous,packages,preventers,retracement,sbbf,munsell,pavements,ether,tractive,request,revetment,stick,alkyl,all,dryclean,aafes,within,firefighter,tgbl,agencies,funds,conveyors,wool,overissuances,norfolk
227,kw,overpayment,canned,ojp,regatta,zanthoxylum,promoter,multilateration,commander,agency,ra,canal,ventilated,overcarried,rigger,tilefishes,attributable,pursuant,apportionee,federal,americium,drainage,gpa,garlic,ammoniation,mentors,blanc,geologic,have,aim,workmanship,occupant,tight,scaffold,interstate,dragging,apparatus,fate,avoirdupois,kwh,adr,rib,governments,its,procurement,faithfulness,uncured,dma,eligibilty,an
228,fifra,nurse,exporter,disclosures,downflooding,pigtoe,foi,telemetry,portfolio,closeout,airborne,coverage,clothing,uraa,sideslip,mt,nonpartnership,eei,vmli,sheep,radiography,ibla,bankruptcy,pecan,merchantable,supplant,southeastward,residue,uranium,cups,spliced,including,quenched,bracket,bottoming,district,footbrakes,gradation,figs,pgm,faa,stoppage,mudslides,overage,fda,indigenous,moisture,cig,means,bris
229,carbn,corpus,labeling,nonaffiliated,motor,shotguns,respect,orbital,crada,disabilities,mewa,election,breathing,all,hz,billfish,more,terrorism,nerve,watershed,use,impounding,defaulted,brdi,pasteurization,provided,fork,secretary,inholding,flasher,reacquired,fiscal,gallons,throttle,securities,navigate,matchhead,yl,ton,garment,action,foia,unreimbursed,bidders,basis,greece,chill,ranching,payments,ef
230,tvh,subgroup,hiv,made,shore,anas,intermediary,azimuthal,dot,payments,postliminary,internship,guardrails,singapore,aisle,longfin,charitable,sme,time,slana,ft,situ,terrorist,fcea,papayas,stafford,customs,wireline,nonproject,test,income,available,coupler,electromagnetic,no,nourishment,laundered,colonies,stalks,mink,rusle,father,debtor,voucher,flotation,krakow,margarine,lading,misapplied,canals
231,egu,denominator,multocida,grantees,propulsion,bay,iard,rebroadcast,nafta,hsi,must,phased,planking,uruguay,subfunction,shoreward,unitrust,mariel,headstones,coyotes,maelu,scsr,diploma,nonparboiled,vegetable,leas,hydrometers,biogeographic,made,booster,nonduplicated,supportive,packages,flangeway,include,all,toddler,benzenediamine,tons,merchandise,odfsa,each,encroachments,oh,fellowships,poverty,other,growers,quart,secretary
232,paragraph,deferrals,salmonella,means,waterline,achyranthes,have,are,warranty,residential,acrylonitrile,consular,brakes,switchblade,exit,any,decedents,form,dependents,title,nrcar,explosives,homeless,oascr,producers,migratory,labels,mudline,provided,ply,otdr,bidder,gaskets,railing,depreciable,seepage,ladder,dissection,pound,lp,proponent,attaining,curvilinear,passenger,than,republic,primal,conservation,paragraph,approaching
233,dynamometer,opo,drugs,mitigant,jacket,meyenii,after,baseband,eeoccr,nondwelling,who,appointments,hygiene,after,taxiing,ft,return,ctp,than,birds,privatization,impoundment,debt,carcass,inch,auctioned,diverges,production,upon,abs,ledger,than,shear,relay,thpos,rebar,quilting,radon,insurability,conditioner,public,harold,community,northwest,casu,poorest,helper,determined,hir,rcs
234,microorganism,outpatient,wheat,nonbanking,mse,helleri,bliley,hopping,transformed,modernization,abrasive,survivors,joists,within,helicopters,referendum,part,divorce,must,bathhouse,containments,secretary,will,citrus,stead,national,topographic,mammal,protest,fore,alloy,commuter,plate,handrails,trm,tide,hazard,pcb,attaches,watts,ngb,inherit,slps,provided,kmps,usaid,slaughters,nef,sfsp,proj
235,incinerators,grantor,all,otc,alkylene,feral,amount,longitude,debarring,complainant,recruitment,provided,qa,originating,ost,nets,time,subaccount,knee,arapaho,conditioners,timber,job,agarda,sultana,pensions,laden,aci,unitization,scrp,taxes,planning,compressed,dynamic,than,bulkhead,pacifiers,replicates,totaling,alloy,afloa,provided,insurable,dea,niin,abroad,bha,mustard,sfd,water
236,chlorine,than,successor,states,corrosive,bonamia,interest,presubscribed,bids,unit,workplace,physician,exposed,person,nonscheduled,ssc,attains,departure,patients,sawtooth,reprocessing,holes,time,filth,spots,immigrant,ammunition,reaffirmed,heirs,each,kilovolts,freight,oxide,frogs,accruals,sdf,lhama,acclimatization,proclaim,conspicuously,it,persistence,than,part,nvocc,spoils,lactate,waterbed,plantains,ficr
237,oxidizer,reinsurance,soybean,ii,breakwater,mercator,lafayette,uplink,protégés,rent,walsh,capitol,deceleration,sewn,oxygen,tal,was,cryptographic,deafness,battles,watts,nmac,sar,tropical,dehydrators,fgp,line,btu,village,axles,ohm,freeway,metal,lifeline,watercourse,arc,handlebars,litters,almonds,creditor,rc,crouching,appropriate,historic,stockage,epidemic,misbranding,flaxseed,yams,lcra
238,calibration,depreciation,wic,liquidity,anchor,pumpout,fasb,nanc,awardee,renter,saws,government,hga,director,carrier,amberjack,propane,applicant,era,chinook,halide,ascmrc,fulbright,watershed,filberts,textbook,excise,washing,potassium,aimable,equipment,alcohol,fuzes,employee,pursuant,navigability,reflectors,litter,grazing,fabrics,enlistment,stooping,must,required,tgbl,stigma,frozen,seeded,doz,nepc
239,baghouse,amortization,physician,date,tensile,turkey,undermargined,provider,price,funds,ssg,impasse,ft,decating,taxiway,stowed,taxation,libyan,who,subsistence,emissions,regraded,grant,sunflower,ballot,scholarships,penal,encs,plugging,highway,nslp,refuge,lc,lights,passthrough,works,clamps,toxic,aup,energyguide,catexs,must,floodwaters,scac,witnessdate,sinai,ascorbate,ornamental,cis,bayou
240,feedrate,payments,paragraph,each,cga,trout,reinvestment,decoder,program,owner,derrick,reemploy,rops,good,are,nearshore,bpc,unsc,ulcer,road,cladding,reclaimed,wheelchairs,potatoes,shriveled,fellow,pistols,esa,refuge,crush,interoffice,wetland,cotp,rrs,date,waterways,shampooed,medulla,honey,required,nmfs,whether,provide,discrepant,have,act,teaspoons,sunflower,substitutable,ocean
241,valve,rollover,part,arng,mile,microlepia,maturity,retransmitted,borrower,cff,ladders,nightwork,drums,landed,inoperative,bait,required,embargoed,corticosteroids,recreational,nnsa,shortwall,reaffirmation,states,subsp,athletically,remittances,sssvs,herd,convertibles,megohm,construction,boss,axles,powerplant,drydock,chamber,spleen,amount,will,airlift,surgery,subsidence,unsuitability,official,tied,an,ams,variances,lakes
242,csr,wages,sfh,civilian,seagoing,depredation,upon,deaveraged,novation,nonhousing,provided,competitive,sensitization,date,enplanements,nantucket,foreign,ftsr,provided,willamette,engineered,permit,proficient,cheese,cranberry,tuition,casks,unleased,reworking,an,charger,signalization,volumetric,fusees,thpo,area,edge,progeny,lassen,hang,species,survivors,resources,cml,award,vulnerable,ppm,equine,cheddar,dumping
243,which,survivor,rbic,overdraft,navigating,section,nyse,franchise,afghanistan,pum,voltage,each,liver,invoice,goggle,logsheet,mortgage,reopen,discontinuance,cove,radiosurgery,ignition,looks,title,juice,taught,deodorants,shallow,alluvial,than,mil,ps,aircraft,lookouts,person,coastal,sensor,deionized,livestock,therm,program,application,victims,fcni,department,microbicides,equine,sap,egg,waterbodies
244,yl,acf,styrene,notice,extremity,polar,tarp,must,duns,underwriting,youthbuild,bargaining,such,cigarettes,oai,surfclams,pprg,kimberley,school,donated,iesna,engine,contractor,breakpoint,than,available,medicinal,manifold,bid,tangent,pbx,ttc,temperature,shunting,hhi,wuj,grams,hamsters,orchard,all,civilian,abnormalities,national,has,landlocked,authorized,ova,crushed,commodities,ned
245,episode,state,children,when,switchboard,fishery,credit,amplitude,indentured,displaced,secretary,technician,chelation,athletes,securer,angling,skip,au,courses,landmarks,required,unleased,nonmain,guayule,cured,asbestos,newberg,trawling,right,tractor,prepayments,windshield,steels,door,account,bulkheading,packages,biochemistry,plums,polymer,records,occupation,premium,airworthy,these,agribusiness,from,disaster,ethnic,floating
246,injection,lcd,eimeria,asset,yards,nothocestrum,reparations,colem,jul,metropolitan,sling,allotter,vacuuming,africa,deicing,ircs,gross,habitual,fvc,headstone,petroleum,each,tuition,mcintire,insect,public,redenaturation,payors,has,pfc,protectors,area,pamphlet,inductive,derivation,buttes,ft,polymer,prune,part,tsps,means,catastrophe,tx,differently,enacts,packaged,must,grain,signaled
247,rin,qpsa,toxin,command,are,rkm,beneficially,network,prime,immigration,it,nurse,enclosure,famous,holder,cpo,into,reinvestments,iilp,unimak,snm,fastenings,campuses,foresters,circle,states,flavored,meters,operations,any,shrinkback,trcc,inhibited,fasteners,required,allegheny,ingestion,benzaldehyde,boycott,faucet,epc,see,smartlink,reformation,discriminating,than,establishment,all,appellant,hawser
248,coms,valuation,must,dna,winch,woodcock,fff,decoders,jwod,lenders,mu,nonforeign,guards,phytosanitary,extinguishing,rca,arbitrage,paragraph,renal,weasel,mshd,must,disbursed,cotton,fleshed,nondisplacement,factory,part,recordable,deflection,unshifted,bikeways,pg,sheathing,shippers,masters,packaging,cortex,guarantee,heaters,angrc,rendition,made,centrally,dea,each,seam,tpd,review,coastal
249,arsenic,pace,investigational,widow,fissile,sp,notice,ship,governmentwide,inspectable,employment,sl,toeboard,forfeitures,nonprecision,iphc,sponsor,hatches,trended,museum,requalification,hose,ethnic,ferc,coleoptile,museum,carbonated,ceas,taylor,compartment,franchises,learner,hydrostatically,required,utilities,dredgings,thermocouple,hamster,voidance,nonadjudicative,unclassified,stepparent,pregnancy,disposal,athletic,programme,calves,tasc,retrospective,beaches
